configuration,id,domain,mse
best_s60,gsm_c62453c17c2ef0b4,math,0.20197467505931854
best_s60,gsm_72c5002d237f65df,math,0.2507612407207489
best_s60,gsm_747a57ec661ec040,math,0.14620348811149597
best_s60,gsm_3af6d6e01edb6c0f,math,0.15998844802379608
best_s60,gsm_8810fc61726994ce,math,0.20843863487243652
best_s60,gsm_ca10fdf80b6e3897,math,0.18466423451900482
best_s60,gsm_0c494b9c92950e4d,math,0.189766526222229
best_s60,gsm_8beb578650d05ba1,math,0.17603319883346558
best_s60,gsm_576d7627007443ad,math,0.212520033121109
best_s60,gsm_a70ca700d390e226,math,0.21885938942432404
best_s60,gsm_35dea7b633732e14,math,0.1766820251941681
best_s60,gsm_f7fdf9a6b43b6e48,math,0.18655309081077576
best_s60,gsm_35d41089a18507bd,math,0.16888757050037384
best_s60,gsm_3d49a187f61986a4,math,0.25621891021728516
best_s60,gsm_926574ced1f06ca1,math,0.19927935302257538
best_s60,gsm_0adcc3517ca243d4,math,0.16997301578521729
best_s60,gsm_f6bcf679f3018443,math,0.32015976309776306
best_s60,gsm_c0df1383f9690298,math,0.19868703186511993
best_s60,gsm_5df0064b9ba0dca7,math,0.19648249447345734
best_s60,gsm_1772c64c068c1a89,math,0.17269626259803772
best_s60,gsm_0266ed8a4e87d5e4,math,0.22528114914894104
best_s60,gsm_f42de69d24ee2e5e,math,0.19673609733581543
best_s60,gsm_c5226559b9b37285,math,0.25604841113090515
best_s60,gsm_51146726b2082770,math,0.21174786984920502
best_s60,gsm_e7ed710388226bf7,math,0.17300324141979218
best_s60,gsm_391986fc8c46e416,math,0.2246873825788498
best_s60,gsm_4560b2d047fc6f74,math,0.17796416580677032
best_s60,gsm_c796f4b7c9a9d5de,math,0.2262355536222458
best_s60,gsm_d538ffc1fe2fb8cc,math,0.24151603877544403
best_s60,gsm_f66a49e3f1b08991,math,0.23759905993938446
best_s60,gsm_d6e827a0c2ff1749,math,0.14817968010902405
best_s60,gsm_895ed20aaf264edb,math,0.15725038945674896
best_s60,gsm_71914cf214d7343c,math,0.21792128682136536
best_s60,gsm_475ce948a8101cc2,math,0.22470906376838684
best_s60,gsm_89994875b3813c91,math,0.21250391006469727
best_s60,gsm_dae9ddc3f7ff4235,math,0.1750568300485611
best_s60,gsm_539a3c98b25411c7,math,0.1487915813922882
best_s60,gsm_3b6abf5a7c8fcf58,math,0.21428988873958588
best_s60,gsm_fbe04f5794f6448e,math,0.28279560804367065
best_s60,gsm_1e642011c4e48c79,math,0.17248490452766418
best_s60,gsm_8fe862a4d01c9679,math,0.2780703008174896
best_s60,gsm_4b75ebba37bfe632,math,0.19456806778907776
best_s60,gsm_ba4333cfc64a1669,math,0.16555628180503845
best_s60,gsm_1d1018dd20fb5560,math,0.2103554755449295
best_s60,gsm_75aca026bf532f3c,math,0.22261078655719757
best_s60,gsm_cdbb54ec3758d7d8,math,0.2527065575122833
best_s60,gsm_ce2ff2b11ba3e607,math,0.3350304961204529
best_s60,gsm_7f66fc2dcff04dd2,math,0.28069618344306946
best_s60,gsm_0a70a72afbb52f1e,math,0.20736153423786163
best_s60,gsm_09c017405e7219b6,math,0.16188351809978485
best_s60,gsm_4660b826ff99d586,math,0.21054577827453613
best_s60,gsm_11d5212b26f5632d,math,0.2240317314863205
best_s60,gsm_85cedd141b4f41b9,math,0.18310193717479706
best_s60,gsm_aa2cbf235d77a438,math,0.17213468253612518
best_s60,gsm_f8aee604feedfb99,math,0.15576720237731934
best_s60,gsm_32c19654eb81db68,math,0.2520601451396942
best_s60,gsm_957cc8747eb0728e,math,0.17300115525722504
best_s60,gsm_0b698bdad67456bd,math,0.14093488454818726
best_s60,gsm_f7e8dfb7ae44396b,math,0.17216089367866516
best_s60,gsm_af7261d88886c1fc,math,0.16639824211597443
best_s60,gsm_5c4d0d4793b59d07,math,0.19132128357887268
best_s60,gsm_6d7de09362f953ba,math,0.1921202391386032
best_s60,gsm_b9c6a1cd659ba546,math,0.25422796607017517
best_s60,gsm_2111c467908cca23,math,0.14599375426769257
best_s60,gsm_ddd13d79f4477241,math,0.22443890571594238
best_s60,gsm_a0c4c12f79fdd38d,math,0.19815050065517426
best_s60,gsm_d2c08ce186a30e2b,math,0.2599804401397705
best_s60,gsm_a30b357702ab8e4c,math,0.3349560797214508
best_s60,gsm_b98d2be3577a7eaf,math,0.17282114923000336
best_s60,gsm_9311e9bf010feb22,math,0.13013623654842377
best_s60,gsm_95e14342abcfb01e,math,0.19746099412441254
best_s60,gsm_b2ec0e764ab294a3,math,0.14497382938861847
best_s60,gsm_965e776cdf11a536,math,0.2635882794857025
best_s60,gsm_1e7242ba8f738ab4,math,0.24459445476531982
best_s60,gsm_0c6a487bbbdeaa80,math,0.17416559159755707
best_s60,gsm_5c26b1813945bef3,math,0.22031818330287933
best_s60,gsm_83003a10dd7e5ff9,math,0.18984884023666382
best_s60,gsm_9f67d4454c2e2a82,math,0.12333283573389053
best_s60,gsm_85cd8b011a144050,math,0.2539423406124115
best_s60,gsm_657b7bbde3a1f1f2,math,0.19009482860565186
best_s60,gsm_f5b2d44acea45642,math,0.22112761437892914
best_s60,gsm_d55348837d9b13a8,math,0.22860956192016602
best_s60,gsm_eb3e1be02e123fd4,math,0.2075672149658203
best_s60,gsm_cdf0c44eafa372e9,math,0.227260023355484
best_s60,gsm_a67ff092bb2c7b6c,math,0.25120243430137634
best_s60,gsm_7f9a1b56544a8b00,math,0.23270156979560852
best_s60,gsm_264f5e7fa441a8d7,math,0.1832854151725769
best_s60,gsm_85d09e4c97145c03,math,0.14412906765937805
best_s60,gsm_b7be65ee1d99d929,math,0.3293892443180084
best_s60,gsm_f17421d70fa50272,math,0.1546935886144638
best_s60,gsm_ee4f12ab0528f1ac,math,0.1592022031545639
best_s60,gsm_08f358371771e634,math,0.37072017788887024
best_s60,gsm_3b27306d470e78c2,math,0.2263266146183014
best_s60,gsm_f5b78d5c80a69f79,math,0.21100015938282013
best_s60,gsm_5eb4603c69e46f40,math,0.17209546267986298
best_s60,gsm_27981502e3654775,math,0.22804713249206543
best_s60,gsm_92deb4d5b2108972,math,0.2651844024658203
best_s60,gsm_7cd2e87d30d3e3d8,math,0.19950707256793976
best_s60,gsm_f5f0934560d424fc,math,0.15587405860424042
best_s60,gsm_14f18adde06b86db,math,0.30168014764785767
best_s60,gsm_5fa53ffdec5c079d,math,0.2574307322502136
best_s60,gsm_d56a1f53ee1f09d7,math,0.1678791046142578
best_s60,gsm_67bcb24bdafdbdcb,math,0.1823732703924179
best_s60,gsm_112b77693ec7b322,math,0.29628294706344604
best_s60,gsm_25220bd74addeae5,math,0.1827574223279953
best_s60,gsm_271359665273f05c,math,0.28602755069732666
best_s60,gsm_3f65a3eb08873b5f,math,0.22156433761119843
best_s60,gsm_bd77171ff4ed21c8,math,0.32666608691215515
best_s60,gsm_1e6aa97157303da4,math,0.17467688024044037
best_s60,gsm_a161e89e18303ebf,math,0.20500604808330536
best_s60,gsm_9d497f81c6a58b35,math,0.15317820012569427
best_s60,gsm_83e271dd0d25f360,math,0.1201995387673378
best_s60,gsm_aace71f25886e6f6,math,0.2265179604291916
best_s60,gsm_b3ee7c4ec73b99cb,math,0.24038587510585785
best_s60,gsm_f5df0bf38204f5ad,math,0.22395403683185577
best_s60,gsm_e4434bd35741fe39,math,0.22632065415382385
best_s60,gsm_245333daa59e966a,math,0.2017478048801422
best_s60,gsm_73f9579c4c824ec5,math,0.26778149604797363
best_s60,gsm_b2443f263d2ddc30,math,0.15568606555461884
best_s60,gsm_7ad37e7164a0a9da,math,0.20824749767780304
best_s60,gsm_ed4cb4418932050a,math,0.13104617595672607
best_s60,gsm_d30182578983680d,math,0.23077240586280823
best_s60,gsm_4e9457649eaf6717,math,0.2650076150894165
best_s60,gsm_f83638c747ef3479,math,0.20915019512176514
best_s60,gsm_bc3aee8003dabf5b,math,0.2390432208776474
best_s60,gsm_d78dd7418e60f804,math,0.1979157030582428
best_s60,gsm_41a73a281cb285b4,math,0.15713918209075928
best_s60,gsm_74b121cb68fbe399,math,0.1837952435016632
best_s60,gsm_c88fb84bddd704d1,math,0.23637667298316956
best_s60,gsm_3dc26cdf3d4c97ff,math,0.10990598052740097
best_s60,gsm_7d6021f258c2bbe6,math,0.14712364971637726
best_s60,gsm_ece3f99f16dc7059,math,0.19377298653125763
best_s60,gsm_8a24bb682165f09b,math,0.18061283230781555
best_s60,gsm_5b411e93c3d5101f,math,0.18909375369548798
best_s60,gsm_5106cb114e87a477,math,0.2593686878681183
best_s60,gsm_341ae29c61f99ba6,math,0.2108313888311386
best_s60,gsm_91dd72c4f487819f,math,0.13218747079372406
best_s60,gsm_89b197d566eeb88a,math,0.16237914562225342
best_s60,gsm_c9804cd07e4b61b5,math,0.1912875473499298
best_s60,gsm_3365430d729929ed,math,0.1358180046081543
best_s60,gsm_2f0ab7e9cc672149,math,0.15152719616889954
best_s60,gsm_5b05ef609031715a,math,0.19922994077205658
best_s60,gsm_d2b6947d68b60611,math,0.15681472420692444
best_s60,gsm_9e42ca71cf51f9d5,math,0.2529776394367218
best_s60,gsm_0953c93b27a19f34,math,0.1872461885213852
best_s60,gsm_74071327f93ef085,math,0.2592434883117676
best_s60,gsm_3fadc21d156f7fa9,math,0.24034924805164337
best_s60,gsm_6e21b7eb0ef92ab0,math,0.3191564977169037
best_s60,gsm_2eef2844e294fdeb,math,0.2119794636964798
best_s60,gsm_2b24fe3f2a6c1462,math,0.22973118722438812
best_s60,gsm_d26b73b0a0ea97fe,math,0.24832621216773987
best_s60,gsm_67b090934081c84c,math,0.2900797128677368
best_s60,gsm_d9fedc485c6d329e,math,0.1945406198501587
best_s60,gsm_404fe544d4a9a6d8,math,0.22995412349700928
best_s60,gsm_a320010faee9c656,math,0.20406226813793182
best_s60,gsm_05d7e11565627135,math,0.23188741505146027
best_s60,gsm_3c8c7394137efdbd,math,0.20261774957180023
best_s60,gsm_a7c83a5b26298683,math,0.17806556820869446
best_s60,gsm_1ff6f7cb8864ac3d,math,0.17806832492351532
best_s60,gsm_8850b00234635a9d,math,0.21244601905345917
best_s60,gsm_8e58d3c44aa7ff33,math,0.2383042424917221
best_s60,gsm_30cfe7712e410f1d,math,0.23457209765911102
best_s60,gsm_a39cde53917afe3f,math,0.11899160593748093
best_s60,gsm_65f63602e5bcc36b,math,0.23955635726451874
best_s60,gsm_70fd027ff7397b46,math,0.16076166927814484
best_s60,gsm_e91536db505dc19d,math,0.14068719744682312
best_s60,gsm_23b001e6d1f43b7a,math,0.19699513912200928
best_s60,gsm_510a1b892ed516a9,math,0.13622944056987762
best_s60,gsm_3e57d82f27c24cef,math,0.17545436322689056
best_s60,gsm_b259733db478725a,math,0.26862069964408875
best_s60,gsm_72420d41411ac74e,math,0.4772799611091614
best_s60,gsm_45b68e9a4a4b6f09,math,0.19477085769176483
best_s60,gsm_40ba62d840c8a4cd,math,0.2403682917356491
best_s60,gsm_4bd9127a877e963a,math,0.25315800309181213
best_s60,gsm_b788a146e13c2d3b,math,0.17535464465618134
best_s60,gsm_53e9cf041f54bf9c,math,0.29592564702033997
best_s60,gsm_701f3494e255e8d7,math,0.22490623593330383
best_s60,gsm_8535ae0540a763f9,math,0.18753133714199066
best_s60,gsm_d6a962e555a3b2d8,math,0.19015227258205414
best_s60,gsm_c769ffcd998cdf4b,math,0.20035997033119202
best_s60,gsm_1d711c0edab6cdf9,math,0.2848968505859375
best_s60,gsm_7089a27d5be9d735,math,0.16705958545207977
best_s60,gsm_8282c947ebdb72c4,math,0.30784276127815247
best_s60,gsm_4d58e157821739ee,math,0.26785513758659363
best_s60,gsm_01895a7a6826a915,math,0.150603786110878
best_s60,gsm_4023e12520086b85,math,0.24587276577949524
best_s60,gsm_9399899bcaabc8ed,math,0.16959984600543976
best_s60,gsm_0feeb37eda9ea126,math,0.20534126460552216
best_s60,gsm_f7161d26efd1d114,math,0.2359185665845871
best_s60,gsm_c8eda87800e3e5ac,math,0.23579175770282745
best_s60,gsm_6fd1be8949c1f6a2,math,0.24856369197368622
best_s60,gsm_3eca6b76b1f1ad8a,math,0.17463405430316925
best_s60,gsm_dc1958a43149115d,math,0.217390775680542
best_s60,gsm_e50f6822067b1757,math,0.18347646296024323
best_s60,gsm_d91feeaec617d234,math,0.2385062426328659
best_s60,gsm_eb4fafd06c693daa,math,0.26608940958976746
best_s60,gsm_a43343572469f619,math,0.2843463122844696
best_s60,gsm_d72f60c8ce1eca73,math,0.1834353506565094
best_s60,gsm_6d19b90aa3615625,math,0.15617428719997406
best_s60,gsm_3e64ac9bd7eee07f,math,0.2550295293331146
best_s60,gsm_a3c3be84f9b93551,math,0.2605903446674347
best_s60,gsm_a532ec5b80cebf47,math,0.17622244358062744
best_s60,gsm_fc616873dce69386,math,0.20029866695404053
best_s60,gsm_ddc532da449ad062,math,0.2646762728691101
best_s60,gsm_d2909e3c70589dfc,math,0.18481244146823883
best_s60,gsm_b11f569a3f129339,math,0.30623266100883484
best_s60,gsm_537a8f3b08c5806a,math,0.30040785670280457
best_s60,gsm_eb0c6dc7e6a52ee1,math,0.22662270069122314
best_s60,gsm_58a2c89d3870d4f0,math,0.1844448447227478
best_s60,gsm_5a2811bffcd84918,math,0.2020888328552246
best_s60,gsm_cd25c907e3d1230d,math,0.16177617013454437
best_s60,gsm_969ac66c0d3cb729,math,0.22046570479869843
best_s60,gsm_085c07c991b7f6dc,math,0.20769236981868744
best_s60,gsm_fc7237589092f3fc,math,0.1950518637895584
best_s60,gsm_d0dcd7f288303715,math,0.17123323678970337
best_s60,gsm_5c2413d4439e804f,math,0.3867219090461731
best_s60,gsm_39369532603a287f,math,0.1553245633840561
best_s60,gsm_d4a51456b7945b99,math,0.1569291651248932
best_s60,gsm_108787ae99efce11,math,0.23020236194133759
best_s60,gsm_dcc87971f34d3210,math,0.13231807947158813
best_s60,gsm_5d50b87fd6fe5f3b,math,0.17687545716762543
best_s60,gsm_e0b9d6d609fcd66c,math,0.29260513186454773
best_s60,gsm_0953bab0d62fef54,math,0.29610124230384827
best_s60,gsm_3b3648b5ef47ef61,math,0.2673017978668213
best_s60,gsm_cb8099688088d7d1,math,0.1855800449848175
best_s60,alpaca_1907,code,0.0961204320192337
best_s60,alpaca_5350,code,0.12239277362823486
best_s60,alpaca_5821,code,0.3237519860267639
best_s60,alpaca_18823,code,0.1774437427520752
best_s60,alpaca_10829,code,0.4295942485332489
best_s60,alpaca_2198,code,0.19551220536231995
best_s60,alpaca_4240,code,0.32263728976249695
best_s60,alpaca_2123,code,0.12594424188137054
best_s60,alpaca_1018,code,0.22600960731506348
best_s60,alpaca_17933,code,0.08275473862886429
best_s60,alpaca_7780,code,0.3287558853626251
best_s60,alpaca_18074,code,0.15333595871925354
best_s60,alpaca_9791,code,0.30919161438941956
best_s60,alpaca_10429,code,0.23965981602668762
best_s60,alpaca_7994,code,0.10208075493574142
best_s60,alpaca_8080,code,0.19898882508277893
best_s60,alpaca_2376,code,0.21911337971687317
best_s60,alpaca_17356,code,0.24749229848384857
best_s60,alpaca_11441,code,0.0649644285440445
best_s60,alpaca_14422,code,0.22853627800941467
best_s60,alpaca_10924,code,0.07260599732398987
best_s60,alpaca_14341,code,0.16110318899154663
best_s60,alpaca_8972,code,0.16129618883132935
best_s60,alpaca_12289,code,0.2080434411764145
best_s60,alpaca_11567,code,0.27748918533325195
best_s60,alpaca_1737,code,0.20572254061698914
best_s60,alpaca_15065,code,0.4526387155056
best_s60,alpaca_19763,code,0.29807186126708984
best_s60,alpaca_2984,code,0.14557895064353943
best_s60,alpaca_16839,code,0.2949979901313782
best_s60,alpaca_9316,code,0.20226576924324036
best_s60,alpaca_18481,code,0.33258500695228577
best_s60,alpaca_17104,code,0.2685100734233856
best_s60,alpaca_4742,code,0.5440866351127625
best_s60,alpaca_19792,code,0.4070487916469574
best_s60,alpaca_16576,code,0.20344281196594238
best_s60,alpaca_11968,code,0.3882406949996948
best_s60,alpaca_2279,code,0.16688668727874756
best_s60,alpaca_15267,code,0.15610988438129425
best_s60,alpaca_18655,code,0.1424470692873001
best_s60,alpaca_13529,code,0.18402451276779175
best_s60,alpaca_17634,code,0.2861042320728302
best_s60,alpaca_15154,code,0.428673654794693
best_s60,alpaca_16821,code,0.11139684915542603
best_s60,alpaca_5963,code,0.10551406443119049
best_s60,alpaca_7258,code,0.3506419360637665
best_s60,alpaca_3247,code,0.20494364202022552
best_s60,alpaca_5316,code,0.15915453433990479
best_s60,alpaca_771,code,0.13778239488601685
best_s60,alpaca_3363,code,0.20753513276576996
best_s60,alpaca_7290,code,0.08015423268079758
best_s60,alpaca_19436,code,0.2276497334241867
best_s60,alpaca_15918,code,0.09839377552270889
best_s60,alpaca_6009,code,0.34410226345062256
best_s60,alpaca_12783,code,0.45296603441238403
best_s60,alpaca_7546,code,0.1486959010362625
best_s60,alpaca_17186,code,0.1957688182592392
best_s60,alpaca_3264,code,0.28508663177490234
best_s60,alpaca_19943,code,0.24245519936084747
best_s60,alpaca_2552,code,0.07716765254735947
best_s60,alpaca_17699,code,0.18437494337558746
best_s60,alpaca_16118,code,0.15632855892181396
best_s60,alpaca_904,code,0.08419477939605713
best_s60,alpaca_19582,code,0.22383978962898254
best_s60,alpaca_16569,code,0.201934814453125
best_s60,alpaca_3245,code,0.35905343294143677
best_s60,alpaca_18459,code,0.32242923974990845
best_s60,alpaca_11231,code,0.2269388735294342
best_s60,alpaca_4719,code,0.1715683937072754
best_s60,alpaca_13692,code,0.42968082427978516
best_s60,alpaca_2545,code,0.23990897834300995
best_s60,alpaca_88,code,0.23779115080833435
best_s60,alpaca_10008,code,0.3045646846294403
best_s60,alpaca_11715,code,0.124028779566288
best_s60,alpaca_286,code,0.27652493119239807
best_s60,alpaca_17726,code,0.2815064489841461
best_s60,alpaca_8241,code,0.23594680428504944
best_s60,alpaca_15462,code,0.30816683173179626
best_s60,alpaca_8351,code,0.11953109502792358
best_s60,alpaca_9955,code,0.22867432236671448
best_s60,alpaca_19818,code,0.2090851068496704
best_s60,alpaca_462,code,0.3174554407596588
best_s60,alpaca_16798,code,0.35774049162864685
best_s60,alpaca_3049,code,0.20391631126403809
best_s60,alpaca_19325,code,0.2115859091281891
best_s60,alpaca_7324,code,0.21001151204109192
best_s60,alpaca_8035,code,0.172930046916008
best_s60,alpaca_690,code,0.1133769303560257
best_s60,alpaca_1597,code,0.13584938645362854
best_s60,alpaca_1410,code,0.17908652126789093
best_s60,alpaca_16876,code,0.1402595043182373
best_s60,alpaca_8784,code,0.1025916337966919
best_s60,alpaca_16439,code,0.15995559096336365
best_s60,alpaca_15940,code,0.50885009765625
best_s60,alpaca_15594,code,0.19504950940608978
best_s60,alpaca_17224,code,0.1965220421552658
best_s60,alpaca_6324,code,0.13991916179656982
best_s60,alpaca_7053,code,0.11395812034606934
best_s60,alpaca_9134,code,0.11181831359863281
best_s60,alpaca_5994,code,0.10414962470531464
best_s60,alpaca_10915,code,0.17325757443904877
best_s60,alpaca_9174,code,0.17414991557598114
best_s60,alpaca_10536,code,0.195816770195961
best_s60,alpaca_10136,code,0.28655293583869934
best_s60,alpaca_5842,code,0.09204553812742233
best_s60,alpaca_10727,code,0.223695307970047
best_s60,alpaca_12154,code,0.12841719388961792
best_s60,alpaca_2306,code,0.11658088117837906
best_s60,alpaca_18933,code,0.11918789148330688
best_s60,alpaca_13481,code,0.3662097156047821
best_s60,alpaca_584,code,0.14611470699310303
best_s60,alpaca_11261,code,0.28953030705451965
best_s60,alpaca_4696,code,0.2713473439216614
best_s60,alpaca_11901,code,0.1749047338962555
best_s60,alpaca_5279,code,0.14696592092514038
best_s60,alpaca_11923,code,0.260062038898468
best_s60,alpaca_4490,code,0.1316935271024704
best_s60,alpaca_2783,code,0.31420978903770447
best_s60,alpaca_6263,code,0.1481328308582306
best_s60,alpaca_1123,code,0.11007964611053467
best_s60,alpaca_13116,code,0.18872138857841492
best_s60,alpaca_2453,code,0.3587333559989929
best_s60,alpaca_18327,code,0.2993975281715393
best_s60,alpaca_6595,code,0.1480642855167389
best_s60,alpaca_2358,code,0.15643934905529022
best_s60,alpaca_3568,code,0.23999665677547455
best_s60,alpaca_1658,code,0.22273464500904083
best_s60,alpaca_10043,code,0.15522177517414093
best_s60,alpaca_19911,code,0.30043020844459534
best_s60,alpaca_16423,code,0.38536617159843445
best_s60,alpaca_1782,code,0.08391964435577393
best_s60,alpaca_15896,code,0.12734782695770264
best_s60,alpaca_15764,code,0.315377801656723
best_s60,alpaca_10621,code,0.3199121952056885
best_s60,alpaca_5734,code,0.21279864013195038
best_s60,alpaca_19315,code,0.3254636228084564
best_s60,alpaca_10139,code,0.14489780366420746
best_s60,alpaca_9606,code,0.17600473761558533
best_s60,alpaca_1187,code,0.283547580242157
best_s60,alpaca_7878,code,0.08490007370710373
best_s60,alpaca_16104,code,0.12004654109477997
best_s60,alpaca_7525,code,0.29870837926864624
best_s60,alpaca_1402,code,0.2868267893791199
best_s60,alpaca_14254,code,0.3256804645061493
best_s60,alpaca_12158,code,0.10518854111433029
best_s60,alpaca_910,code,0.18176989257335663
best_s60,alpaca_13477,code,0.2063843309879303
best_s60,alpaca_9497,code,0.2697288691997528
best_s60,alpaca_7553,code,0.11890225857496262
best_s60,alpaca_11737,code,0.37671971321105957
best_s60,alpaca_15064,code,0.3185584247112274
best_s60,alpaca_17606,code,0.225395068526268
best_s60,alpaca_19523,code,0.07663606852293015
best_s60,alpaca_5715,code,0.12948934733867645
best_s60,alpaca_18071,code,0.1956910789012909
best_s60,alpaca_7948,code,0.1746549904346466
best_s60,alpaca_9186,code,0.08390776067972183
best_s60,alpaca_12285,code,0.13863028585910797
best_s60,alpaca_16119,code,0.19645088911056519
best_s60,alpaca_13161,code,0.08256809413433075
best_s60,alpaca_11244,code,0.11301817744970322
best_s60,alpaca_3029,code,0.2393341362476349
best_s60,alpaca_9051,code,0.23006382584571838
best_s60,alpaca_12160,code,0.08674474060535431
best_s60,alpaca_15307,code,0.33475637435913086
best_s60,alpaca_7754,code,0.24843178689479828
best_s60,alpaca_7045,code,0.13493730127811432
best_s60,alpaca_8688,code,0.25104400515556335
best_s60,alpaca_14375,code,0.12449230253696442
best_s60,alpaca_7246,code,0.08787162601947784
best_s60,alpaca_8974,code,0.09260230511426926
best_s60,alpaca_5664,code,0.27328482270240784
best_s60,alpaca_5427,code,0.14893849194049835
best_s60,alpaca_11721,code,0.20262017846107483
best_s60,alpaca_9934,code,0.07390619814395905
best_s60,alpaca_6935,code,0.07664425671100616
best_s60,alpaca_16965,code,0.36743947863578796
best_s60,alpaca_18827,code,0.5689100623130798
best_s60,alpaca_438,code,0.10320204496383667
best_s60,alpaca_9299,code,0.10737114399671555
best_s60,alpaca_19317,code,0.3363388478755951
best_s60,alpaca_19376,code,0.19307361543178558
best_s60,alpaca_5666,code,0.11381592601537704
best_s60,alpaca_9054,code,0.1415954828262329
best_s60,alpaca_19335,code,0.37146836519241333
best_s60,alpaca_16990,code,0.2865252196788788
best_s60,alpaca_8163,code,0.1170239970088005
best_s60,alpaca_991,code,0.06809691339731216
best_s60,alpaca_15676,code,0.2080676406621933
best_s60,alpaca_1893,code,0.20057640969753265
best_s60,alpaca_10000,code,0.1452699452638626
best_s60,alpaca_8157,code,0.2903614044189453
best_s60,alpaca_1692,code,0.24841737747192383
best_s60,alpaca_14609,code,0.3659836947917938
best_s60,alpaca_12656,code,0.1421273797750473
best_s60,alpaca_17895,code,0.26013001799583435
best_s60,alpaca_2005,code,0.16685257852077484
best_s60,alpaca_17892,code,0.23841138184070587
best_s60,alpaca_4465,code,0.37978488206863403
best_s60,alpaca_5552,code,0.13646720349788666
best_s60,alpaca_11748,code,0.12663835287094116
best_s60,alpaca_13679,code,0.22675186395645142
best_s60,alpaca_15496,code,0.5579831600189209
best_s60,alpaca_9601,code,0.35864773392677307
best_s60,alpaca_14860,code,0.18063119053840637
best_s60,alpaca_7399,code,0.2731070816516876
best_s60,alpaca_4682,code,0.16106170415878296
best_s60,alpaca_10889,code,0.13598309457302094
best_s60,alpaca_3629,code,0.08087598532438278
best_s60,alpaca_10984,code,0.28923842310905457
best_s60,alpaca_18025,code,0.2871980667114258
best_s60,alpaca_10886,code,0.41950955986976624
best_s60,alpaca_10771,code,0.05265412479639053
best_s60,alpaca_9781,code,0.41610923409461975
best_s60,alpaca_1011,code,0.18473410606384277
best_s60,alpaca_17139,code,0.15394918620586395
best_s60,alpaca_17066,code,0.10092949122190475
best_s60,alpaca_2530,code,0.26203420758247375
best_s60,alpaca_158,code,0.22439317405223846
best_s60,alpaca_422,code,0.05588335543870926
best_s60,alpaca_103,code,0.26865309476852417
best_s60,alpaca_1891,code,0.09979190677404404
best_s60,alpaca_17797,code,0.32422852516174316
best_s60,alpaca_7657,code,0.39218834042549133
best_s60,alpaca_14675,code,0.19667211174964905
best_s60,control_346,control,0.5142815709114075
best_s60,control_316,control,0.4705824851989746
best_s60,control_376,control,0.3992517590522766
best_s60,control_396,control,0.474905788898468
best_s60,control_16,control,0.5142815709114075
best_s60,control_246,control,0.476958304643631
best_s60,control_96,control,0.5142815709114075
best_s60,control_496,control,0.37264177203178406
best_s60,control_276,control,0.4705824851989746
best_s60,control_146,control,0.3992517590522766
best_s60,control_186,control,0.45267826318740845
best_s60,control_76,control,0.45267826318740845
best_s60,control_466,control,0.4964796006679535
best_s60,control_426,control,0.474905788898468
best_s60,control_206,control,0.4964796006679535
best_s60,control_56,control,0.4705824851989746
best_s60,control_456,control,0.4705824851989746
best_s60,control_386,control,0.5203016400337219
best_s60,control_176,control,0.5142815709114075
best_s60,control_126,control,0.476958304643631
best_s60,control_416,control,0.5141800045967102
best_s60,control_476,control,0.45267826318740845
best_s60,control_356,control,0.4964796006679535
best_s60,control_326,control,0.45267826318740845
best_s60,control_256,control,0.5203016400337219
best_s60,control_196,control,0.476958304643631
best_s60,control_366,control,0.3992517590522766
best_s60,control_6,control,0.3992517590522766
best_s60,control_486,control,0.474905788898468
best_s60,control_336,control,0.4705824851989746
best_s60,control_36,control,0.4964796006679535
best_s60,control_436,control,0.5141800045967102
best_s60,control_116,control,0.474905788898468
best_s60,control_66,control,0.474905788898468
best_s60,control_86,control,0.474905788898468
best_s60,control_216,control,0.5203016400337219
best_s60,control_26,control,0.5203016400337219
best_s60,control_286,control,0.5141800045967102
best_s60,control_136,control,0.45267826318740845
best_s60,control_296,control,0.5142815709114075
best_s60,control_266,control,0.4964796006679535
best_s60,control_166,control,0.5141800045967102
best_s60,control_306,control,0.4705824851989746
best_s60,control_446,control,0.5141800045967102
best_s60,control_46,control,0.37264177203178406
best_s60,control_236,control,0.45267826318740845
best_s60,control_226,control,0.474905788898468
best_s60,control_406,control,0.45267826318740845
best_s60,control_106,control,0.5203016400337219
best_s60,control_156,control,0.37264177203178406
best_s61,gsm_c62453c17c2ef0b4,math,0.14353258907794952
best_s61,gsm_72c5002d237f65df,math,0.18197329342365265
best_s61,gsm_747a57ec661ec040,math,0.11772662401199341
best_s61,gsm_3af6d6e01edb6c0f,math,0.12199578434228897
best_s61,gsm_8810fc61726994ce,math,0.17168176174163818
best_s61,gsm_ca10fdf80b6e3897,math,0.13458286225795746
best_s61,gsm_0c494b9c92950e4d,math,0.14368844032287598
best_s61,gsm_8beb578650d05ba1,math,0.1158117800951004
best_s61,gsm_576d7627007443ad,math,0.17260588705539703
best_s61,gsm_a70ca700d390e226,math,0.17620109021663666
best_s61,gsm_35dea7b633732e14,math,0.13181070983409882
best_s61,gsm_f7fdf9a6b43b6e48,math,0.14244712889194489
best_s61,gsm_35d41089a18507bd,math,0.1422288864850998
best_s61,gsm_3d49a187f61986a4,math,0.2051185816526413
best_s61,gsm_926574ced1f06ca1,math,0.1558433324098587
best_s61,gsm_0adcc3517ca243d4,math,0.12163863331079483
best_s61,gsm_f6bcf679f3018443,math,0.22447386384010315
best_s61,gsm_c0df1383f9690298,math,0.14072321355342865
best_s61,gsm_5df0064b9ba0dca7,math,0.15197940170764923
best_s61,gsm_1772c64c068c1a89,math,0.1414227932691574
best_s61,gsm_0266ed8a4e87d5e4,math,0.15671716630458832
best_s61,gsm_f42de69d24ee2e5e,math,0.15911982953548431
best_s61,gsm_c5226559b9b37285,math,0.18854819238185883
best_s61,gsm_51146726b2082770,math,0.15612414479255676
best_s61,gsm_e7ed710388226bf7,math,0.13424204289913177
best_s61,gsm_391986fc8c46e416,math,0.16013523936271667
best_s61,gsm_4560b2d047fc6f74,math,0.12670855224132538
best_s61,gsm_c796f4b7c9a9d5de,math,0.16044063866138458
best_s61,gsm_d538ffc1fe2fb8cc,math,0.2042841911315918
best_s61,gsm_f66a49e3f1b08991,math,0.19107238948345184
best_s61,gsm_d6e827a0c2ff1749,math,0.11718408018350601
best_s61,gsm_895ed20aaf264edb,math,0.12020239979028702
best_s61,gsm_71914cf214d7343c,math,0.15944735705852509
best_s61,gsm_475ce948a8101cc2,math,0.18300187587738037
best_s61,gsm_89994875b3813c91,math,0.17142195999622345
best_s61,gsm_dae9ddc3f7ff4235,math,0.13224302232265472
best_s61,gsm_539a3c98b25411c7,math,0.10884320735931396
best_s61,gsm_3b6abf5a7c8fcf58,math,0.14757655560970306
best_s61,gsm_fbe04f5794f6448e,math,0.2112598419189453
best_s61,gsm_1e642011c4e48c79,math,0.12771350145339966
best_s61,gsm_8fe862a4d01c9679,math,0.17306311428546906
best_s61,gsm_4b75ebba37bfe632,math,0.1564464420080185
best_s61,gsm_ba4333cfc64a1669,math,0.12733428180217743
best_s61,gsm_1d1018dd20fb5560,math,0.14931431412696838
best_s61,gsm_75aca026bf532f3c,math,0.16841469705104828
best_s61,gsm_cdbb54ec3758d7d8,math,0.19606845080852509
best_s61,gsm_ce2ff2b11ba3e607,math,0.274933785200119
best_s61,gsm_7f66fc2dcff04dd2,math,0.21510644257068634
best_s61,gsm_0a70a72afbb52f1e,math,0.16610781848430634
best_s61,gsm_09c017405e7219b6,math,0.12885265052318573
best_s61,gsm_4660b826ff99d586,math,0.16442830860614777
best_s61,gsm_11d5212b26f5632d,math,0.16648152470588684
best_s61,gsm_85cedd141b4f41b9,math,0.1293884664773941
best_s61,gsm_aa2cbf235d77a438,math,0.13664144277572632
best_s61,gsm_f8aee604feedfb99,math,0.1255076676607132
best_s61,gsm_32c19654eb81db68,math,0.20032067596912384
best_s61,gsm_957cc8747eb0728e,math,0.13014665246009827
best_s61,gsm_0b698bdad67456bd,math,0.0994545966386795
best_s61,gsm_f7e8dfb7ae44396b,math,0.12704989314079285
best_s61,gsm_af7261d88886c1fc,math,0.12707680463790894
best_s61,gsm_5c4d0d4793b59d07,math,0.14844168722629547
best_s61,gsm_6d7de09362f953ba,math,0.1474299281835556
best_s61,gsm_b9c6a1cd659ba546,math,0.2109280377626419
best_s61,gsm_2111c467908cca23,math,0.11608827114105225
best_s61,gsm_ddd13d79f4477241,math,0.16973876953125
best_s61,gsm_a0c4c12f79fdd38d,math,0.15199735760688782
best_s61,gsm_d2c08ce186a30e2b,math,0.20882491767406464
best_s61,gsm_a30b357702ab8e4c,math,0.28893885016441345
best_s61,gsm_b98d2be3577a7eaf,math,0.1348676234483719
best_s61,gsm_9311e9bf010feb22,math,0.10240481048822403
best_s61,gsm_95e14342abcfb01e,math,0.15713272988796234
best_s61,gsm_b2ec0e764ab294a3,math,0.11002954095602036
best_s61,gsm_965e776cdf11a536,math,0.19808730483055115
best_s61,gsm_1e7242ba8f738ab4,math,0.18381081521511078
best_s61,gsm_0c6a487bbbdeaa80,math,0.13704350590705872
best_s61,gsm_5c26b1813945bef3,math,0.1637272983789444
best_s61,gsm_83003a10dd7e5ff9,math,0.14428861439228058
best_s61,gsm_9f67d4454c2e2a82,math,0.09660797566175461
best_s61,gsm_85cd8b011a144050,math,0.19321386516094208
best_s61,gsm_657b7bbde3a1f1f2,math,0.14780305325984955
best_s61,gsm_f5b2d44acea45642,math,0.19165436923503876
best_s61,gsm_d55348837d9b13a8,math,0.17530398070812225
best_s61,gsm_eb3e1be02e123fd4,math,0.15553049743175507
best_s61,gsm_cdf0c44eafa372e9,math,0.16491584479808807
best_s61,gsm_a67ff092bb2c7b6c,math,0.2101912498474121
best_s61,gsm_7f9a1b56544a8b00,math,0.17268525063991547
best_s61,gsm_264f5e7fa441a8d7,math,0.14740124344825745
best_s61,gsm_85d09e4c97145c03,math,0.11249013245105743
best_s61,gsm_b7be65ee1d99d929,math,0.25783196091651917
best_s61,gsm_f17421d70fa50272,math,0.12929247319698334
best_s61,gsm_ee4f12ab0528f1ac,math,0.1174510270357132
best_s61,gsm_08f358371771e634,math,0.2890718877315521
best_s61,gsm_3b27306d470e78c2,math,0.17010094225406647
best_s61,gsm_f5b78d5c80a69f79,math,0.16064725816249847
best_s61,gsm_5eb4603c69e46f40,math,0.12463907152414322
best_s61,gsm_27981502e3654775,math,0.17486503720283508
best_s61,gsm_92deb4d5b2108972,math,0.20486974716186523
best_s61,gsm_7cd2e87d30d3e3d8,math,0.1520017832517624
best_s61,gsm_f5f0934560d424fc,math,0.11583584547042847
best_s61,gsm_14f18adde06b86db,math,0.2307724952697754
best_s61,gsm_5fa53ffdec5c079d,math,0.190770223736763
best_s61,gsm_d56a1f53ee1f09d7,math,0.13747338950634003
best_s61,gsm_67bcb24bdafdbdcb,math,0.12274198979139328
best_s61,gsm_112b77693ec7b322,math,0.22745878994464874
best_s61,gsm_25220bd74addeae5,math,0.14043556153774261
best_s61,gsm_271359665273f05c,math,0.23270992934703827
best_s61,gsm_3f65a3eb08873b5f,math,0.1781168431043625
best_s61,gsm_bd77171ff4ed21c8,math,0.24089324474334717
best_s61,gsm_1e6aa97157303da4,math,0.13478656113147736
best_s61,gsm_a161e89e18303ebf,math,0.1536090224981308
best_s61,gsm_9d497f81c6a58b35,math,0.11586689949035645
best_s61,gsm_83e271dd0d25f360,math,0.0893389955163002
best_s61,gsm_aace71f25886e6f6,math,0.14500047266483307
best_s61,gsm_b3ee7c4ec73b99cb,math,0.18166756629943848
best_s61,gsm_f5df0bf38204f5ad,math,0.18480797111988068
best_s61,gsm_e4434bd35741fe39,math,0.17678843438625336
best_s61,gsm_245333daa59e966a,math,0.15520311892032623
best_s61,gsm_73f9579c4c824ec5,math,0.19405238330364227
best_s61,gsm_b2443f263d2ddc30,math,0.11730276793241501
best_s61,gsm_7ad37e7164a0a9da,math,0.1632537692785263
best_s61,gsm_ed4cb4418932050a,math,0.10742707550525665
best_s61,gsm_d30182578983680d,math,0.17632631957530975
best_s61,gsm_4e9457649eaf6717,math,0.20373640954494476
best_s61,gsm_f83638c747ef3479,math,0.14463762938976288
best_s61,gsm_bc3aee8003dabf5b,math,0.17058606445789337
best_s61,gsm_d78dd7418e60f804,math,0.1482739895582199
best_s61,gsm_41a73a281cb285b4,math,0.12351099401712418
best_s61,gsm_74b121cb68fbe399,math,0.1303473711013794
best_s61,gsm_c88fb84bddd704d1,math,0.18210874497890472
best_s61,gsm_3dc26cdf3d4c97ff,math,0.08424901217222214
best_s61,gsm_7d6021f258c2bbe6,math,0.11811941862106323
best_s61,gsm_ece3f99f16dc7059,math,0.1628810167312622
best_s61,gsm_8a24bb682165f09b,math,0.13128499686717987
best_s61,gsm_5b411e93c3d5101f,math,0.1390574723482132
best_s61,gsm_5106cb114e87a477,math,0.2068575918674469
best_s61,gsm_341ae29c61f99ba6,math,0.1534164994955063
best_s61,gsm_91dd72c4f487819f,math,0.10600161552429199
best_s61,gsm_89b197d566eeb88a,math,0.12397129833698273
best_s61,gsm_c9804cd07e4b61b5,math,0.12852098047733307
best_s61,gsm_3365430d729929ed,math,0.11102346330881119
best_s61,gsm_2f0ab7e9cc672149,math,0.11134056001901627
best_s61,gsm_5b05ef609031715a,math,0.15891142189502716
best_s61,gsm_d2b6947d68b60611,math,0.11231368780136108
best_s61,gsm_9e42ca71cf51f9d5,math,0.1958288550376892
best_s61,gsm_0953c93b27a19f34,math,0.14981816709041595
best_s61,gsm_74071327f93ef085,math,0.19579675793647766
best_s61,gsm_3fadc21d156f7fa9,math,0.17829817533493042
best_s61,gsm_6e21b7eb0ef92ab0,math,0.24664556980133057
best_s61,gsm_2eef2844e294fdeb,math,0.1509433537721634
best_s61,gsm_2b24fe3f2a6c1462,math,0.17206840217113495
best_s61,gsm_d26b73b0a0ea97fe,math,0.19535987079143524
best_s61,gsm_67b090934081c84c,math,0.23214542865753174
best_s61,gsm_d9fedc485c6d329e,math,0.14842437207698822
best_s61,gsm_404fe544d4a9a6d8,math,0.1773507446050644
best_s61,gsm_a320010faee9c656,math,0.1569501757621765
best_s61,gsm_05d7e11565627135,math,0.1696881800889969
best_s61,gsm_3c8c7394137efdbd,math,0.16829439997673035
best_s61,gsm_a7c83a5b26298683,math,0.13824737071990967
best_s61,gsm_1ff6f7cb8864ac3d,math,0.1460559219121933
best_s61,gsm_8850b00234635a9d,math,0.17006027698516846
best_s61,gsm_8e58d3c44aa7ff33,math,0.17061030864715576
best_s61,gsm_30cfe7712e410f1d,math,0.1839570552110672
best_s61,gsm_a39cde53917afe3f,math,0.09437843412160873
best_s61,gsm_65f63602e5bcc36b,math,0.17662037909030914
best_s61,gsm_70fd027ff7397b46,math,0.1287950575351715
best_s61,gsm_e91536db505dc19d,math,0.09563183039426804
best_s61,gsm_23b001e6d1f43b7a,math,0.15274569392204285
best_s61,gsm_510a1b892ed516a9,math,0.09990956634283066
best_s61,gsm_3e57d82f27c24cef,math,0.12586073577404022
best_s61,gsm_b259733db478725a,math,0.20367716252803802
best_s61,gsm_72420d41411ac74e,math,0.3669530749320984
best_s61,gsm_45b68e9a4a4b6f09,math,0.14603474736213684
best_s61,gsm_40ba62d840c8a4cd,math,0.19916443526744843
best_s61,gsm_4bd9127a877e963a,math,0.20779459178447723
best_s61,gsm_b788a146e13c2d3b,math,0.1401217132806778
best_s61,gsm_53e9cf041f54bf9c,math,0.22841401398181915
best_s61,gsm_701f3494e255e8d7,math,0.15661238133907318
best_s61,gsm_8535ae0540a763f9,math,0.1434059739112854
best_s61,gsm_d6a962e555a3b2d8,math,0.16155803203582764
best_s61,gsm_c769ffcd998cdf4b,math,0.15710875391960144
best_s61,gsm_1d711c0edab6cdf9,math,0.2125672549009323
best_s61,gsm_7089a27d5be9d735,math,0.1344520002603531
best_s61,gsm_8282c947ebdb72c4,math,0.21902714669704437
best_s61,gsm_4d58e157821739ee,math,0.17920692265033722
best_s61,gsm_01895a7a6826a915,math,0.11513712257146835
best_s61,gsm_4023e12520086b85,math,0.2013205736875534
best_s61,gsm_9399899bcaabc8ed,math,0.12652672827243805
best_s61,gsm_0feeb37eda9ea126,math,0.15885570645332336
best_s61,gsm_f7161d26efd1d114,math,0.19098727405071259
best_s61,gsm_c8eda87800e3e5ac,math,0.18768295645713806
best_s61,gsm_6fd1be8949c1f6a2,math,0.1849091351032257
best_s61,gsm_3eca6b76b1f1ad8a,math,0.13604699075222015
best_s61,gsm_dc1958a43149115d,math,0.10528514534235
best_s61,gsm_e50f6822067b1757,math,0.14325730502605438
best_s61,gsm_d91feeaec617d234,math,0.1958428919315338
best_s61,gsm_eb4fafd06c693daa,math,0.2032092660665512
best_s61,gsm_a43343572469f619,math,0.21067433059215546
best_s61,gsm_d72f60c8ce1eca73,math,0.1425730139017105
best_s61,gsm_6d19b90aa3615625,math,0.11138168722391129
best_s61,gsm_3e64ac9bd7eee07f,math,0.19312794506549835
best_s61,gsm_a3c3be84f9b93551,math,0.18846802413463593
best_s61,gsm_a532ec5b80cebf47,math,0.13127094507217407
best_s61,gsm_fc616873dce69386,math,0.14980463683605194
best_s61,gsm_ddc532da449ad062,math,0.20255255699157715
best_s61,gsm_d2909e3c70589dfc,math,0.14783397316932678
best_s61,gsm_b11f569a3f129339,math,0.18271595239639282
best_s61,gsm_537a8f3b08c5806a,math,0.2293516844511032
best_s61,gsm_eb0c6dc7e6a52ee1,math,0.16740630567073822
best_s61,gsm_58a2c89d3870d4f0,math,0.14502863585948944
best_s61,gsm_5a2811bffcd84918,math,0.1499054878950119
best_s61,gsm_cd25c907e3d1230d,math,0.1285899579524994
best_s61,gsm_969ac66c0d3cb729,math,0.1829182356595993
best_s61,gsm_085c07c991b7f6dc,math,0.14747464656829834
best_s61,gsm_fc7237589092f3fc,math,0.1513005644083023
best_s61,gsm_d0dcd7f288303715,math,0.12398763746023178
best_s61,gsm_5c2413d4439e804f,math,0.33054715394973755
best_s61,gsm_39369532603a287f,math,0.12366966158151627
best_s61,gsm_d4a51456b7945b99,math,0.12124069035053253
best_s61,gsm_108787ae99efce11,math,0.1757897585630417
best_s61,gsm_dcc87971f34d3210,math,0.10388608276844025
best_s61,gsm_5d50b87fd6fe5f3b,math,0.13295631110668182
best_s61,gsm_e0b9d6d609fcd66c,math,0.21844284236431122
best_s61,gsm_0953bab0d62fef54,math,0.2009073793888092
best_s61,gsm_3b3648b5ef47ef61,math,0.21781335771083832
best_s61,gsm_cb8099688088d7d1,math,0.1447618305683136
best_s61,alpaca_1907,code,0.0738176479935646
best_s61,alpaca_5350,code,0.10137178003787994
best_s61,alpaca_5821,code,0.2593142092227936
best_s61,alpaca_18823,code,0.13613472878932953
best_s61,alpaca_10829,code,0.3581043779850006
best_s61,alpaca_2198,code,0.16001997888088226
best_s61,alpaca_4240,code,0.25878435373306274
best_s61,alpaca_2123,code,0.1003207117319107
best_s61,alpaca_1018,code,0.17869777977466583
best_s61,alpaca_17933,code,0.06446240842342377
best_s61,alpaca_7780,code,0.27169135212898254
best_s61,alpaca_18074,code,0.08489690721035004
best_s61,alpaca_9791,code,0.246501162648201
best_s61,alpaca_10429,code,0.1742679327726364
best_s61,alpaca_7994,code,0.079738087952137
best_s61,alpaca_8080,code,0.15855064988136292
best_s61,alpaca_2376,code,0.19210641086101532
best_s61,alpaca_17356,code,0.20096798241138458
best_s61,alpaca_11441,code,0.054458729922771454
best_s61,alpaca_14422,code,0.1999497264623642
best_s61,alpaca_10924,code,0.05869946628808975
best_s61,alpaca_14341,code,0.14716604351997375
best_s61,alpaca_8972,code,0.13150613009929657
best_s61,alpaca_12289,code,0.1700764298439026
best_s61,alpaca_11567,code,0.2196040153503418
best_s61,alpaca_1737,code,0.1668630987405777
best_s61,alpaca_15065,code,0.38914090394973755
best_s61,alpaca_19763,code,0.24370788037776947
best_s61,alpaca_2984,code,0.12113007158041
best_s61,alpaca_16839,code,0.24349522590637207
best_s61,alpaca_9316,code,0.15918412804603577
best_s61,alpaca_18481,code,0.2678792476654053
best_s61,alpaca_17104,code,0.22136302292346954
best_s61,alpaca_4742,code,0.42702150344848633
best_s61,alpaca_19792,code,0.30600693821907043
best_s61,alpaca_16576,code,0.1646672785282135
best_s61,alpaca_11968,code,0.3059535622596741
best_s61,alpaca_2279,code,0.13030950725078583
best_s61,alpaca_15267,code,0.12557749450206757
best_s61,alpaca_18655,code,0.11702912300825119
best_s61,alpaca_13529,code,0.13070262968540192
best_s61,alpaca_17634,code,0.24315014481544495
best_s61,alpaca_15154,code,0.3576165437698364
best_s61,alpaca_16821,code,0.08501823246479034
best_s61,alpaca_5963,code,0.09240999072790146
best_s61,alpaca_7258,code,0.2862522602081299
best_s61,alpaca_3247,code,0.1581815779209137
best_s61,alpaca_5316,code,0.13237528502941132
best_s61,alpaca_771,code,0.11153300106525421
best_s61,alpaca_3363,code,0.1710982620716095
best_s61,alpaca_7290,code,0.060633160173892975
best_s61,alpaca_19436,code,0.18069015443325043
best_s61,alpaca_15918,code,0.08097696304321289
best_s61,alpaca_6009,code,0.2901136875152588
best_s61,alpaca_12783,code,0.3509249687194824
best_s61,alpaca_7546,code,0.12296267598867416
best_s61,alpaca_17186,code,0.15648353099822998
best_s61,alpaca_3264,code,0.24977503716945648
best_s61,alpaca_19943,code,0.18056811392307281
best_s61,alpaca_2552,code,0.0605165958404541
best_s61,alpaca_17699,code,0.15499484539031982
best_s61,alpaca_16118,code,0.11889530718326569
best_s61,alpaca_904,code,0.06646160781383514
best_s61,alpaca_19582,code,0.17220774292945862
best_s61,alpaca_16569,code,0.15975669026374817
best_s61,alpaca_3245,code,0.2497185319662094
best_s61,alpaca_18459,code,0.24215936660766602
best_s61,alpaca_11231,code,0.10262312740087509
best_s61,alpaca_4719,code,0.1483081579208374
best_s61,alpaca_13692,code,0.35782405734062195
best_s61,alpaca_2545,code,0.18010397255420685
best_s61,alpaca_88,code,0.19863948225975037
best_s61,alpaca_10008,code,0.2300279140472412
best_s61,alpaca_11715,code,0.1046532616019249
best_s61,alpaca_286,code,0.22630517184734344
best_s61,alpaca_17726,code,0.22242286801338196
best_s61,alpaca_8241,code,0.19621537625789642
best_s61,alpaca_15462,code,0.24753308296203613
best_s61,alpaca_8351,code,0.09662705659866333
best_s61,alpaca_9955,code,0.1912759393453598
best_s61,alpaca_19818,code,0.16676776111125946
best_s61,alpaca_462,code,0.2549627721309662
best_s61,alpaca_16798,code,0.2815261483192444
best_s61,alpaca_3049,code,0.15833669900894165
best_s61,alpaca_19325,code,0.1524180918931961
best_s61,alpaca_7324,code,0.1586620807647705
best_s61,alpaca_8035,code,0.13834980130195618
best_s61,alpaca_690,code,0.0906505137681961
best_s61,alpaca_1597,code,0.10523735731840134
best_s61,alpaca_1410,code,0.14201997220516205
best_s61,alpaca_16876,code,0.10857582092285156
best_s61,alpaca_8784,code,0.08114718645811081
best_s61,alpaca_16439,code,0.11957964301109314
best_s61,alpaca_15940,code,0.4045327305793762
best_s61,alpaca_15594,code,0.15840785205364227
best_s61,alpaca_17224,code,0.16297547519207
best_s61,alpaca_6324,code,0.08714550733566284
best_s61,alpaca_7053,code,0.09291958808898926
best_s61,alpaca_9134,code,0.09607245773077011
best_s61,alpaca_5994,code,0.08396116644144058
best_s61,alpaca_10915,code,0.13242033123970032
best_s61,alpaca_9174,code,0.1438392847776413
best_s61,alpaca_10536,code,0.1590007096529007
best_s61,alpaca_10136,code,0.23248408734798431
best_s61,alpaca_5842,code,0.07284326106309891
best_s61,alpaca_10727,code,0.16482411324977875
best_s61,alpaca_12154,code,0.08644219487905502
best_s61,alpaca_2306,code,0.09593065828084946
best_s61,alpaca_18933,code,0.09139680862426758
best_s61,alpaca_13481,code,0.2853057086467743
best_s61,alpaca_584,code,0.12030072510242462
best_s61,alpaca_11261,code,0.20035973191261292
best_s61,alpaca_4696,code,0.21522028744220734
best_s61,alpaca_11901,code,0.11842619627714157
best_s61,alpaca_5279,code,0.1240939274430275
best_s61,alpaca_11923,code,0.20855572819709778
best_s61,alpaca_4490,code,0.10510199517011642
best_s61,alpaca_2783,code,0.27598175406455994
best_s61,alpaca_6263,code,0.11600998044013977
best_s61,alpaca_1123,code,0.09286046773195267
best_s61,alpaca_13116,code,0.1592153161764145
best_s61,alpaca_2453,code,0.31362318992614746
best_s61,alpaca_18327,code,0.24351449310779572
best_s61,alpaca_6595,code,0.06317640841007233
best_s61,alpaca_2358,code,0.11023429781198502
best_s61,alpaca_3568,code,0.19147922098636627
best_s61,alpaca_1658,code,0.18789497017860413
best_s61,alpaca_10043,code,0.12695451080799103
best_s61,alpaca_19911,code,0.22882293164730072
best_s61,alpaca_16423,code,0.30628299713134766
best_s61,alpaca_1782,code,0.0654294565320015
best_s61,alpaca_15896,code,0.0985114574432373
best_s61,alpaca_15764,code,0.20975279808044434
best_s61,alpaca_10621,code,0.2465980052947998
best_s61,alpaca_5734,code,0.17908333241939545
best_s61,alpaca_19315,code,0.2668701112270355
best_s61,alpaca_10139,code,0.11255905777215958
best_s61,alpaca_9606,code,0.1298552006483078
best_s61,alpaca_1187,code,0.16395580768585205
best_s61,alpaca_7878,code,0.06886646896600723
best_s61,alpaca_16104,code,0.09595896303653717
best_s61,alpaca_7525,code,0.2515563666820526
best_s61,alpaca_1402,code,0.24345187842845917
best_s61,alpaca_14254,code,0.27338746190071106
best_s61,alpaca_12158,code,0.08220516890287399
best_s61,alpaca_910,code,0.14549633860588074
best_s61,alpaca_13477,code,0.16239337623119354
best_s61,alpaca_9497,code,0.22719347476959229
best_s61,alpaca_7553,code,0.08977923542261124
best_s61,alpaca_11737,code,0.30603763461112976
best_s61,alpaca_15064,code,0.2642418444156647
best_s61,alpaca_17606,code,0.1861514151096344
best_s61,alpaca_19523,code,0.05959036946296692
best_s61,alpaca_5715,code,0.10402332991361618
best_s61,alpaca_18071,code,0.16056466102600098
best_s61,alpaca_7948,code,0.14140771329402924
best_s61,alpaca_9186,code,0.06534454971551895
best_s61,alpaca_12285,code,0.1174980029463768
best_s61,alpaca_16119,code,0.09908203780651093
best_s61,alpaca_13161,code,0.06176583468914032
best_s61,alpaca_11244,code,0.09360972791910172
best_s61,alpaca_3029,code,0.19347719848155975
best_s61,alpaca_9051,code,0.19981974363327026
best_s61,alpaca_12160,code,0.06907852739095688
best_s61,alpaca_15307,code,0.2677372694015503
best_s61,alpaca_7754,code,0.20474116504192352
best_s61,alpaca_7045,code,0.09860718995332718
best_s61,alpaca_8688,code,0.20552968978881836
best_s61,alpaca_14375,code,0.09683490544557571
best_s61,alpaca_7246,code,0.07027478516101837
best_s61,alpaca_8974,code,0.07318563759326935
best_s61,alpaca_5664,code,0.23061548173427582
best_s61,alpaca_5427,code,0.11819342523813248
best_s61,alpaca_11721,code,0.1520611047744751
best_s61,alpaca_9934,code,0.05727168545126915
best_s61,alpaca_6935,code,0.061800744384527206
best_s61,alpaca_16965,code,0.28764840960502625
best_s61,alpaca_18827,code,0.46791940927505493
best_s61,alpaca_438,code,0.11892097443342209
best_s61,alpaca_9299,code,0.09233305603265762
best_s61,alpaca_19317,code,0.26821014285087585
best_s61,alpaca_19376,code,0.16701346635818481
best_s61,alpaca_5666,code,0.09218209236860275
best_s61,alpaca_9054,code,0.10874143987894058
best_s61,alpaca_19335,code,0.27207231521606445
best_s61,alpaca_16990,code,0.24428097903728485
best_s61,alpaca_8163,code,0.09150154143571854
best_s61,alpaca_991,code,0.05485283583402634
best_s61,alpaca_15676,code,0.1725042164325714
best_s61,alpaca_1893,code,0.16037364304065704
best_s61,alpaca_10000,code,0.11194169521331787
best_s61,alpaca_8157,code,0.22275088727474213
best_s61,alpaca_1692,code,0.2105926275253296
best_s61,alpaca_14609,code,0.28781959414482117
best_s61,alpaca_12656,code,0.11169377714395523
best_s61,alpaca_17895,code,0.19465015828609467
best_s61,alpaca_2005,code,0.1684085875749588
best_s61,alpaca_17892,code,0.18449841439723969
best_s61,alpaca_4465,code,0.3246924579143524
best_s61,alpaca_5552,code,0.11112063378095627
best_s61,alpaca_11748,code,0.10227536410093307
best_s61,alpaca_13679,code,0.19170241057872772
best_s61,alpaca_15496,code,0.42879706621170044
best_s61,alpaca_9601,code,0.30050110816955566
best_s61,alpaca_14860,code,0.14564037322998047
best_s61,alpaca_7399,code,0.21684983372688293
best_s61,alpaca_4682,code,0.11547262221574783
best_s61,alpaca_10889,code,0.10086192935705185
best_s61,alpaca_3629,code,0.06254897266626358
best_s61,alpaca_10984,code,0.23490583896636963
best_s61,alpaca_18025,code,0.21750693023204803
best_s61,alpaca_10886,code,0.3418833911418915
best_s61,alpaca_10771,code,0.040649838745594025
best_s61,alpaca_9781,code,0.33721521496772766
best_s61,alpaca_1011,code,0.1482500582933426
best_s61,alpaca_17139,code,0.12462204694747925
best_s61,alpaca_17066,code,0.08268151432275772
best_s61,alpaca_2530,code,0.21357858180999756
best_s61,alpaca_158,code,0.1903948038816452
best_s61,alpaca_422,code,0.04488097503781319
best_s61,alpaca_103,code,0.20361089706420898
best_s61,alpaca_1891,code,0.08222993463277817
best_s61,alpaca_17797,code,0.2463018149137497
best_s61,alpaca_7657,code,0.3023061454296112
best_s61,alpaca_14675,code,0.16417209804058075
best_s61,control_346,control,0.4461125433444977
best_s61,control_316,control,0.4226990342140198
best_s61,control_376,control,0.3369109034538269
best_s61,control_396,control,0.4220988154411316
best_s61,control_16,control,0.4461125433444977
best_s61,control_246,control,0.42800429463386536
best_s61,control_96,control,0.4461125433444977
best_s61,control_496,control,0.3307741582393646
best_s61,control_276,control,0.4226990342140198
best_s61,control_146,control,0.3369109034538269
best_s61,control_186,control,0.4038921594619751
best_s61,control_76,control,0.4038921594619751
best_s61,control_466,control,0.43203821778297424
best_s61,control_426,control,0.4220988154411316
best_s61,control_206,control,0.43203821778297424
best_s61,control_56,control,0.4226990342140198
best_s61,control_456,control,0.4226990342140198
best_s61,control_386,control,0.45454052090644836
best_s61,control_176,control,0.4461125433444977
best_s61,control_126,control,0.42800429463386536
best_s61,control_416,control,0.4484257996082306
best_s61,control_476,control,0.4038921594619751
best_s61,control_356,control,0.43203821778297424
best_s61,control_326,control,0.4038921594619751
best_s61,control_256,control,0.45454052090644836
best_s61,control_196,control,0.42800429463386536
best_s61,control_366,control,0.3369109034538269
best_s61,control_6,control,0.3369109034538269
best_s61,control_486,control,0.4220988154411316
best_s61,control_336,control,0.4226990342140198
best_s61,control_36,control,0.43203821778297424
best_s61,control_436,control,0.4484257996082306
best_s61,control_116,control,0.4220988154411316
best_s61,control_66,control,0.4220988154411316
best_s61,control_86,control,0.4220988154411316
best_s61,control_216,control,0.45454052090644836
best_s61,control_26,control,0.45454052090644836
best_s61,control_286,control,0.4484257996082306
best_s61,control_136,control,0.4038921594619751
best_s61,control_296,control,0.4461125433444977
best_s61,control_266,control,0.43203821778297424
best_s61,control_166,control,0.4484257996082306
best_s61,control_306,control,0.4226990342140198
best_s61,control_446,control,0.4484257996082306
best_s61,control_46,control,0.3307741582393646
best_s61,control_236,control,0.4038921594619751
best_s61,control_226,control,0.4220988154411316
best_s61,control_406,control,0.4038921594619751
best_s61,control_106,control,0.45454052090644836
best_s61,control_156,control,0.3307741582393646
best_s62,gsm_c62453c17c2ef0b4,math,0.10898115485906601
best_s62,gsm_72c5002d237f65df,math,0.13089518249034882
best_s62,gsm_747a57ec661ec040,math,0.08303742110729218
best_s62,gsm_3af6d6e01edb6c0f,math,0.09228421747684479
best_s62,gsm_8810fc61726994ce,math,0.12388477474451065
best_s62,gsm_ca10fdf80b6e3897,math,0.08956378698348999
best_s62,gsm_0c494b9c92950e4d,math,0.0968962237238884
best_s62,gsm_8beb578650d05ba1,math,0.07964513450860977
best_s62,gsm_576d7627007443ad,math,0.11913515627384186
best_s62,gsm_a70ca700d390e226,math,0.11653400957584381
best_s62,gsm_35dea7b633732e14,math,0.0939287543296814
best_s62,gsm_f7fdf9a6b43b6e48,math,0.09948829561471939
best_s62,gsm_35d41089a18507bd,math,0.0884459987282753
best_s62,gsm_3d49a187f61986a4,math,0.15760448575019836
best_s62,gsm_926574ced1f06ca1,math,0.09765607118606567
best_s62,gsm_0adcc3517ca243d4,math,0.08718909323215485
best_s62,gsm_f6bcf679f3018443,math,0.15667061507701874
best_s62,gsm_c0df1383f9690298,math,0.09928879886865616
best_s62,gsm_5df0064b9ba0dca7,math,0.107767753303051
best_s62,gsm_1772c64c068c1a89,math,0.1063828393816948
best_s62,gsm_0266ed8a4e87d5e4,math,0.10467445850372314
best_s62,gsm_f42de69d24ee2e5e,math,0.11740684509277344
best_s62,gsm_c5226559b9b37285,math,0.13935932517051697
best_s62,gsm_51146726b2082770,math,0.10229593515396118
best_s62,gsm_e7ed710388226bf7,math,0.10119297355413437
best_s62,gsm_391986fc8c46e416,math,0.10791045427322388
best_s62,gsm_4560b2d047fc6f74,math,0.08852823823690414
best_s62,gsm_c796f4b7c9a9d5de,math,0.10778398811817169
best_s62,gsm_d538ffc1fe2fb8cc,math,0.14313173294067383
best_s62,gsm_f66a49e3f1b08991,math,0.1397525668144226
best_s62,gsm_d6e827a0c2ff1749,math,0.08572902530431747
best_s62,gsm_895ed20aaf264edb,math,0.0848764106631279
best_s62,gsm_71914cf214d7343c,math,0.11388996988534927
best_s62,gsm_475ce948a8101cc2,math,0.1312585175037384
best_s62,gsm_89994875b3813c91,math,0.12898342311382294
best_s62,gsm_dae9ddc3f7ff4235,math,0.09254883974790573
best_s62,gsm_539a3c98b25411c7,math,0.08145938068628311
best_s62,gsm_3b6abf5a7c8fcf58,math,0.10000508278608322
best_s62,gsm_fbe04f5794f6448e,math,0.13913984596729279
best_s62,gsm_1e642011c4e48c79,math,0.0926964208483696
best_s62,gsm_8fe862a4d01c9679,math,0.11455819755792618
best_s62,gsm_4b75ebba37bfe632,math,0.11286336183547974
best_s62,gsm_ba4333cfc64a1669,math,0.0910729467868805
best_s62,gsm_1d1018dd20fb5560,math,0.09812075644731522
best_s62,gsm_75aca026bf532f3c,math,0.12090988457202911
best_s62,gsm_cdbb54ec3758d7d8,math,0.1428968906402588
best_s62,gsm_ce2ff2b11ba3e607,math,0.21219561994075775
best_s62,gsm_7f66fc2dcff04dd2,math,0.14332468807697296
best_s62,gsm_0a70a72afbb52f1e,math,0.10695302486419678
best_s62,gsm_09c017405e7219b6,math,0.09175872057676315
best_s62,gsm_4660b826ff99d586,math,0.12086063623428345
best_s62,gsm_11d5212b26f5632d,math,0.11957899481058121
best_s62,gsm_85cedd141b4f41b9,math,0.09423591941595078
best_s62,gsm_aa2cbf235d77a438,math,0.08289024978876114
best_s62,gsm_f8aee604feedfb99,math,0.08726059645414352
best_s62,gsm_32c19654eb81db68,math,0.1503128856420517
best_s62,gsm_957cc8747eb0728e,math,0.09452487528324127
best_s62,gsm_0b698bdad67456bd,math,0.06744962185621262
best_s62,gsm_f7e8dfb7ae44396b,math,0.08727667480707169
best_s62,gsm_af7261d88886c1fc,math,0.09123636782169342
best_s62,gsm_5c4d0d4793b59d07,math,0.10116421431303024
best_s62,gsm_6d7de09362f953ba,math,0.10497921705245972
best_s62,gsm_b9c6a1cd659ba546,math,0.1482362002134323
best_s62,gsm_2111c467908cca23,math,0.07698410004377365
best_s62,gsm_ddd13d79f4477241,math,0.11398673057556152
best_s62,gsm_a0c4c12f79fdd38d,math,0.1133679673075676
best_s62,gsm_d2c08ce186a30e2b,math,0.1556110978126526
best_s62,gsm_a30b357702ab8e4c,math,0.17850694060325623
best_s62,gsm_b98d2be3577a7eaf,math,0.0932539850473404
best_s62,gsm_9311e9bf010feb22,math,0.06977126002311707
best_s62,gsm_95e14342abcfb01e,math,0.11920788139104843
best_s62,gsm_b2ec0e764ab294a3,math,0.0773167759180069
best_s62,gsm_965e776cdf11a536,math,0.1453661024570465
best_s62,gsm_1e7242ba8f738ab4,math,0.12399735301733017
best_s62,gsm_0c6a487bbbdeaa80,math,0.09670856595039368
best_s62,gsm_5c26b1813945bef3,math,0.12068481743335724
best_s62,gsm_83003a10dd7e5ff9,math,0.10922075808048248
best_s62,gsm_9f67d4454c2e2a82,math,0.06939446181058884
best_s62,gsm_85cd8b011a144050,math,0.1438807100057602
best_s62,gsm_657b7bbde3a1f1f2,math,0.10717319697141647
best_s62,gsm_f5b2d44acea45642,math,0.1407928466796875
best_s62,gsm_d55348837d9b13a8,math,0.12021256983280182
best_s62,gsm_eb3e1be02e123fd4,math,0.11545765399932861
best_s62,gsm_cdf0c44eafa372e9,math,0.11673835664987564
best_s62,gsm_a67ff092bb2c7b6c,math,0.12032895535230637
best_s62,gsm_7f9a1b56544a8b00,math,0.12101513147354126
best_s62,gsm_264f5e7fa441a8d7,math,0.09671106934547424
best_s62,gsm_85d09e4c97145c03,math,0.08188553899526596
best_s62,gsm_b7be65ee1d99d929,math,0.18548069894313812
best_s62,gsm_f17421d70fa50272,math,0.08708768337965012
best_s62,gsm_ee4f12ab0528f1ac,math,0.08042043447494507
best_s62,gsm_08f358371771e634,math,0.17628507316112518
best_s62,gsm_3b27306d470e78c2,math,0.12476956099271774
best_s62,gsm_f5b78d5c80a69f79,math,0.11087608337402344
best_s62,gsm_5eb4603c69e46f40,math,0.09383362531661987
best_s62,gsm_27981502e3654775,math,0.12771864235401154
best_s62,gsm_92deb4d5b2108972,math,0.14774946868419647
best_s62,gsm_7cd2e87d30d3e3d8,math,0.10510752350091934
best_s62,gsm_f5f0934560d424fc,math,0.07870501279830933
best_s62,gsm_14f18adde06b86db,math,0.1694423407316208
best_s62,gsm_5fa53ffdec5c079d,math,0.14351117610931396
best_s62,gsm_d56a1f53ee1f09d7,math,0.09894606471061707
best_s62,gsm_67bcb24bdafdbdcb,math,0.08825602382421494
best_s62,gsm_112b77693ec7b322,math,0.16024459898471832
best_s62,gsm_25220bd74addeae5,math,0.10372712463140488
best_s62,gsm_271359665273f05c,math,0.17560981214046478
best_s62,gsm_3f65a3eb08873b5f,math,0.12247832119464874
best_s62,gsm_bd77171ff4ed21c8,math,0.18155354261398315
best_s62,gsm_1e6aa97157303da4,math,0.0952727422118187
best_s62,gsm_a161e89e18303ebf,math,0.11481421440839767
best_s62,gsm_9d497f81c6a58b35,math,0.08394484966993332
best_s62,gsm_83e271dd0d25f360,math,0.062499355524778366
best_s62,gsm_aace71f25886e6f6,math,0.10089657455682755
best_s62,gsm_b3ee7c4ec73b99cb,math,0.11912354081869125
best_s62,gsm_f5df0bf38204f5ad,math,0.13859973847866058
best_s62,gsm_e4434bd35741fe39,math,0.12465059757232666
best_s62,gsm_245333daa59e966a,math,0.11404075473546982
best_s62,gsm_73f9579c4c824ec5,math,0.13366426527500153
best_s62,gsm_b2443f263d2ddc30,math,0.08326072990894318
best_s62,gsm_7ad37e7164a0a9da,math,0.11633986234664917
best_s62,gsm_ed4cb4418932050a,math,0.07294616848230362
best_s62,gsm_d30182578983680d,math,0.12981827557086945
best_s62,gsm_4e9457649eaf6717,math,0.15862488746643066
best_s62,gsm_f83638c747ef3479,math,0.09912043064832687
best_s62,gsm_bc3aee8003dabf5b,math,0.11372248083353043
best_s62,gsm_d78dd7418e60f804,math,0.09744101762771606
best_s62,gsm_41a73a281cb285b4,math,0.08705290406942368
best_s62,gsm_74b121cb68fbe399,math,0.09634033590555191
best_s62,gsm_c88fb84bddd704d1,math,0.1217614933848381
best_s62,gsm_3dc26cdf3d4c97ff,math,0.059053730219602585
best_s62,gsm_7d6021f258c2bbe6,math,0.08044223487377167
best_s62,gsm_ece3f99f16dc7059,math,0.12056577205657959
best_s62,gsm_8a24bb682165f09b,math,0.08821826428174973
best_s62,gsm_5b411e93c3d5101f,math,0.0970316156744957
best_s62,gsm_5106cb114e87a477,math,0.15288667380809784
best_s62,gsm_341ae29c61f99ba6,math,0.1117011308670044
best_s62,gsm_91dd72c4f487819f,math,0.07687697559595108
best_s62,gsm_89b197d566eeb88a,math,0.08947788923978806
best_s62,gsm_c9804cd07e4b61b5,math,0.09717193245887756
best_s62,gsm_3365430d729929ed,math,0.07402103394269943
best_s62,gsm_2f0ab7e9cc672149,math,0.08549337834119797
best_s62,gsm_5b05ef609031715a,math,0.11828716844320297
best_s62,gsm_d2b6947d68b60611,math,0.08039265125989914
best_s62,gsm_9e42ca71cf51f9d5,math,0.13708123564720154
best_s62,gsm_0953c93b27a19f34,math,0.11270719766616821
best_s62,gsm_74071327f93ef085,math,0.13805806636810303
best_s62,gsm_3fadc21d156f7fa9,math,0.14356963336467743
best_s62,gsm_6e21b7eb0ef92ab0,math,0.19017921388149261
best_s62,gsm_2eef2844e294fdeb,math,0.10724852234125137
best_s62,gsm_2b24fe3f2a6c1462,math,0.1198837086558342
best_s62,gsm_d26b73b0a0ea97fe,math,0.13539592921733856
best_s62,gsm_67b090934081c84c,math,0.1834219992160797
best_s62,gsm_d9fedc485c6d329e,math,0.10710471868515015
best_s62,gsm_404fe544d4a9a6d8,math,0.13128061592578888
best_s62,gsm_a320010faee9c656,math,0.11503706127405167
best_s62,gsm_05d7e11565627135,math,0.12041392177343369
best_s62,gsm_3c8c7394137efdbd,math,0.11224161833524704
best_s62,gsm_a7c83a5b26298683,math,0.09164857119321823
best_s62,gsm_1ff6f7cb8864ac3d,math,0.10632804781198502
best_s62,gsm_8850b00234635a9d,math,0.12253878265619278
best_s62,gsm_8e58d3c44aa7ff33,math,0.1101505383849144
best_s62,gsm_30cfe7712e410f1d,math,0.12701891362667084
best_s62,gsm_a39cde53917afe3f,math,0.06366104632616043
best_s62,gsm_65f63602e5bcc36b,math,0.13037557899951935
best_s62,gsm_70fd027ff7397b46,math,0.09429094195365906
best_s62,gsm_e91536db505dc19d,math,0.06267203390598297
best_s62,gsm_23b001e6d1f43b7a,math,0.1047217845916748
best_s62,gsm_510a1b892ed516a9,math,0.07233188301324844
best_s62,gsm_3e57d82f27c24cef,math,0.07948841899633408
best_s62,gsm_b259733db478725a,math,0.1341095268726349
best_s62,gsm_72420d41411ac74e,math,0.24157877266407013
best_s62,gsm_45b68e9a4a4b6f09,math,0.1046675592660904
best_s62,gsm_40ba62d840c8a4cd,math,0.150979682803154
best_s62,gsm_4bd9127a877e963a,math,0.15958039462566376
best_s62,gsm_b788a146e13c2d3b,math,0.09609413146972656
best_s62,gsm_53e9cf041f54bf9c,math,0.16955946385860443
best_s62,gsm_701f3494e255e8d7,math,0.11110136657953262
best_s62,gsm_8535ae0540a763f9,math,0.09642624109983444
best_s62,gsm_d6a962e555a3b2d8,math,0.1090666800737381
best_s62,gsm_c769ffcd998cdf4b,math,0.11084749549627304
best_s62,gsm_1d711c0edab6cdf9,math,0.14329808950424194
best_s62,gsm_7089a27d5be9d735,math,0.07965480536222458
best_s62,gsm_8282c947ebdb72c4,math,0.14455021917819977
best_s62,gsm_4d58e157821739ee,math,0.12638020515441895
best_s62,gsm_01895a7a6826a915,math,0.07937919348478317
best_s62,gsm_4023e12520086b85,math,0.14317455887794495
best_s62,gsm_9399899bcaabc8ed,math,0.07833452522754669
best_s62,gsm_0feeb37eda9ea126,math,0.10804151743650436
best_s62,gsm_f7161d26efd1d114,math,0.13312669098377228
best_s62,gsm_c8eda87800e3e5ac,math,0.13487136363983154
best_s62,gsm_6fd1be8949c1f6a2,math,0.1359727829694748
best_s62,gsm_3eca6b76b1f1ad8a,math,0.09770845621824265
best_s62,gsm_dc1958a43149115d,math,0.07115138322114944
best_s62,gsm_e50f6822067b1757,math,0.10007121413946152
best_s62,gsm_d91feeaec617d234,math,0.1375059336423874
best_s62,gsm_eb4fafd06c693daa,math,0.12387777864933014
best_s62,gsm_a43343572469f619,math,0.14294122159481049
best_s62,gsm_d72f60c8ce1eca73,math,0.10623114556074142
best_s62,gsm_6d19b90aa3615625,math,0.0790494754910469
best_s62,gsm_3e64ac9bd7eee07f,math,0.1501341313123703
best_s62,gsm_a3c3be84f9b93551,math,0.13324734568595886
best_s62,gsm_a532ec5b80cebf47,math,0.09957100450992584
best_s62,gsm_fc616873dce69386,math,0.10714799165725708
best_s62,gsm_ddc532da449ad062,math,0.1511600911617279
best_s62,gsm_d2909e3c70589dfc,math,0.10452009737491608
best_s62,gsm_b11f569a3f129339,math,0.13541452586650848
best_s62,gsm_537a8f3b08c5806a,math,0.15338478982448578
best_s62,gsm_eb0c6dc7e6a52ee1,math,0.11883395910263062
best_s62,gsm_58a2c89d3870d4f0,math,0.1015138030052185
best_s62,gsm_5a2811bffcd84918,math,0.10009455680847168
best_s62,gsm_cd25c907e3d1230d,math,0.09043320268392563
best_s62,gsm_969ac66c0d3cb729,math,0.14150315523147583
best_s62,gsm_085c07c991b7f6dc,math,0.1041555404663086
best_s62,gsm_fc7237589092f3fc,math,0.11116158217191696
best_s62,gsm_d0dcd7f288303715,math,0.0915340781211853
best_s62,gsm_5c2413d4439e804f,math,0.258395791053772
best_s62,gsm_39369532603a287f,math,0.0870322585105896
best_s62,gsm_d4a51456b7945b99,math,0.08488192409276962
best_s62,gsm_108787ae99efce11,math,0.12753517925739288
best_s62,gsm_dcc87971f34d3210,math,0.07267118990421295
best_s62,gsm_5d50b87fd6fe5f3b,math,0.09768345206975937
best_s62,gsm_e0b9d6d609fcd66c,math,0.15205436944961548
best_s62,gsm_0953bab0d62fef54,math,0.14274784922599792
best_s62,gsm_3b3648b5ef47ef61,math,0.1577567309141159
best_s62,gsm_cb8099688088d7d1,math,0.09916553646326065
best_s62,alpaca_1907,code,0.05044408515095711
best_s62,alpaca_5350,code,0.07260000705718994
best_s62,alpaca_5821,code,0.1946689337491989
best_s62,alpaca_18823,code,0.10017247498035431
best_s62,alpaca_10829,code,0.26268550753593445
best_s62,alpaca_2198,code,0.12244367599487305
best_s62,alpaca_4240,code,0.17537270486354828
best_s62,alpaca_2123,code,0.07331766933202744
best_s62,alpaca_1018,code,0.1408035308122635
best_s62,alpaca_17933,code,0.04136607050895691
best_s62,alpaca_7780,code,0.21442142128944397
best_s62,alpaca_18074,code,0.054100606590509415
best_s62,alpaca_9791,code,0.18558058142662048
best_s62,alpaca_10429,code,0.1298467218875885
best_s62,alpaca_7994,code,0.050182171165943146
best_s62,alpaca_8080,code,0.1030396819114685
best_s62,alpaca_2376,code,0.1384337693452835
best_s62,alpaca_17356,code,0.14643752574920654
best_s62,alpaca_11441,code,0.03694270923733711
best_s62,alpaca_14422,code,0.15570268034934998
best_s62,alpaca_10924,code,0.032306183129549026
best_s62,alpaca_14341,code,0.0947607234120369
best_s62,alpaca_8972,code,0.0992872416973114
best_s62,alpaca_12289,code,0.10261644423007965
best_s62,alpaca_11567,code,0.15933361649513245
best_s62,alpaca_1737,code,0.11934160441160202
best_s62,alpaca_15065,code,0.29081740975379944
best_s62,alpaca_19763,code,0.17252196371555328
best_s62,alpaca_2984,code,0.08805661648511887
best_s62,alpaca_16839,code,0.1825777292251587
best_s62,alpaca_9316,code,0.11259174346923828
best_s62,alpaca_18481,code,0.18351852893829346
best_s62,alpaca_17104,code,0.16476674377918243
best_s62,alpaca_4742,code,0.3094187378883362
best_s62,alpaca_19792,code,0.2238190621137619
best_s62,alpaca_16576,code,0.12164489179849625
best_s62,alpaca_11968,code,0.22699947655200958
best_s62,alpaca_2279,code,0.08453962206840515
best_s62,alpaca_15267,code,0.07417228817939758
best_s62,alpaca_18655,code,0.0831068605184555
best_s62,alpaca_13529,code,0.08620881289243698
best_s62,alpaca_17634,code,0.19880934059619904
best_s62,alpaca_15154,code,0.23884530365467072
best_s62,alpaca_16821,code,0.058026786893606186
best_s62,alpaca_5963,code,0.04327693581581116
best_s62,alpaca_7258,code,0.21344538033008575
best_s62,alpaca_3247,code,0.10221787542104721
best_s62,alpaca_5316,code,0.10131610929965973
best_s62,alpaca_771,code,0.08469324558973312
best_s62,alpaca_3363,code,0.10081356763839722
best_s62,alpaca_7290,code,0.0402870737016201
best_s62,alpaca_19436,code,0.1285438984632492
best_s62,alpaca_15918,code,0.05701505020260811
best_s62,alpaca_6009,code,0.2194385975599289
best_s62,alpaca_12783,code,0.2686082422733307
best_s62,alpaca_7546,code,0.09008365124464035
best_s62,alpaca_17186,code,0.11376535892486572
best_s62,alpaca_3264,code,0.19796504080295563
best_s62,alpaca_19943,code,0.11475789546966553
best_s62,alpaca_2552,code,0.03681119531393051
best_s62,alpaca_17699,code,0.11425991356372833
best_s62,alpaca_16118,code,0.07579412311315536
best_s62,alpaca_904,code,0.04379578307271004
best_s62,alpaca_19582,code,0.12234721332788467
best_s62,alpaca_16569,code,0.1152997761964798
best_s62,alpaca_3245,code,0.19837933778762817
best_s62,alpaca_18459,code,0.17312805354595184
best_s62,alpaca_11231,code,0.07420565187931061
best_s62,alpaca_4719,code,0.11352705210447311
best_s62,alpaca_13692,code,0.28530579805374146
best_s62,alpaca_2545,code,0.13067825138568878
best_s62,alpaca_88,code,0.15162430703639984
best_s62,alpaca_10008,code,0.1676122397184372
best_s62,alpaca_11715,code,0.05423104763031006
best_s62,alpaca_286,code,0.16950927674770355
best_s62,alpaca_17726,code,0.1501842737197876
best_s62,alpaca_8241,code,0.14379437267780304
best_s62,alpaca_15462,code,0.1755414456129074
best_s62,alpaca_8351,code,0.06862892210483551
best_s62,alpaca_9955,code,0.144905686378479
best_s62,alpaca_19818,code,0.11848320811986923
best_s62,alpaca_462,code,0.17903701961040497
best_s62,alpaca_16798,code,0.2078871726989746
best_s62,alpaca_3049,code,0.11214064061641693
best_s62,alpaca_19325,code,0.10059242695569992
best_s62,alpaca_7324,code,0.1108497753739357
best_s62,alpaca_8035,code,0.1030719056725502
best_s62,alpaca_690,code,0.057830024510622025
best_s62,alpaca_1597,code,0.06799055635929108
best_s62,alpaca_1410,code,0.10478510707616806
best_s62,alpaca_16876,code,0.07877442240715027
best_s62,alpaca_8784,code,0.05420609191060066
best_s62,alpaca_16439,code,0.09068980067968369
best_s62,alpaca_15940,code,0.2899307906627655
best_s62,alpaca_15594,code,0.12760280072689056
best_s62,alpaca_17224,code,0.11949703842401505
best_s62,alpaca_6324,code,0.0404270701110363
best_s62,alpaca_7053,code,0.06241201236844063
best_s62,alpaca_9134,code,0.06994076818227768
best_s62,alpaca_5994,code,0.059106990694999695
best_s62,alpaca_10915,code,0.06875576823949814
best_s62,alpaca_9174,code,0.09228799492120743
best_s62,alpaca_10536,code,0.11707450449466705
best_s62,alpaca_10136,code,0.18895262479782104
best_s62,alpaca_5842,code,0.04951820150017738
best_s62,alpaca_10727,code,0.10427870601415634
best_s62,alpaca_12154,code,0.0626746416091919
best_s62,alpaca_2306,code,0.06239204481244087
best_s62,alpaca_18933,code,0.056780196726322174
best_s62,alpaca_13481,code,0.21889114379882812
best_s62,alpaca_584,code,0.08517598360776901
best_s62,alpaca_11261,code,0.15185360610485077
best_s62,alpaca_4696,code,0.16215036809444427
best_s62,alpaca_11901,code,0.0821659117937088
best_s62,alpaca_5279,code,0.07575543969869614
best_s62,alpaca_11923,code,0.11305826902389526
best_s62,alpaca_4490,code,0.06931539624929428
best_s62,alpaca_2783,code,0.2291422337293625
best_s62,alpaca_6263,code,0.08196903765201569
best_s62,alpaca_1123,code,0.06708713620901108
best_s62,alpaca_13116,code,0.11106882244348526
best_s62,alpaca_2453,code,0.252503365278244
best_s62,alpaca_18327,code,0.17284677922725677
best_s62,alpaca_6595,code,0.04272245988249779
best_s62,alpaca_2358,code,0.07526290416717529
best_s62,alpaca_3568,code,0.1262737363576889
best_s62,alpaca_1658,code,0.1505986601114273
best_s62,alpaca_10043,code,0.09220751374959946
best_s62,alpaca_19911,code,0.16922692954540253
best_s62,alpaca_16423,code,0.2208220511674881
best_s62,alpaca_1782,code,0.03921159356832504
best_s62,alpaca_15896,code,0.06777085363864899
best_s62,alpaca_15764,code,0.1668158322572708
best_s62,alpaca_10621,code,0.1796596348285675
best_s62,alpaca_5734,code,0.09546490013599396
best_s62,alpaca_19315,code,0.20579557120800018
best_s62,alpaca_10139,code,0.07615416496992111
best_s62,alpaca_9606,code,0.08561234176158905
best_s62,alpaca_1187,code,0.1213192343711853
best_s62,alpaca_7878,code,0.047127801924943924
best_s62,alpaca_16104,code,0.06088925898075104
best_s62,alpaca_7525,code,0.19095951318740845
best_s62,alpaca_1402,code,0.18885833024978638
best_s62,alpaca_14254,code,0.1990175098180771
best_s62,alpaca_12158,code,0.058007653802633286
best_s62,alpaca_910,code,0.10542581230401993
best_s62,alpaca_13477,code,0.10594730824232101
best_s62,alpaca_9497,code,0.18406152725219727
best_s62,alpaca_7553,code,0.058997493237257004
best_s62,alpaca_11737,code,0.22386930882930756
best_s62,alpaca_15064,code,0.19275572896003723
best_s62,alpaca_17606,code,0.14054618775844574
best_s62,alpaca_19523,code,0.03897606208920479
best_s62,alpaca_5715,code,0.07025503367185593
best_s62,alpaca_18071,code,0.11758795380592346
best_s62,alpaca_7948,code,0.10595008730888367
best_s62,alpaca_9186,code,0.04323406144976616
best_s62,alpaca_12285,code,0.06862441450357437
best_s62,alpaca_16119,code,0.07307656854391098
best_s62,alpaca_13161,code,0.04226168990135193
best_s62,alpaca_11244,code,0.06516649574041367
best_s62,alpaca_3029,code,0.14869600534439087
best_s62,alpaca_9051,code,0.15645429491996765
best_s62,alpaca_12160,code,0.04529093578457832
best_s62,alpaca_15307,code,0.16647841036319733
best_s62,alpaca_7754,code,0.1411065310239792
best_s62,alpaca_7045,code,0.0717834085226059
best_s62,alpaca_8688,code,0.1578022837638855
best_s62,alpaca_14375,code,0.06653566658496857
best_s62,alpaca_7246,code,0.04814153537154198
best_s62,alpaca_8974,code,0.041542667895555496
best_s62,alpaca_5664,code,0.17587779462337494
best_s62,alpaca_5427,code,0.06976492702960968
best_s62,alpaca_11721,code,0.11372454464435577
best_s62,alpaca_9934,code,0.037141624838113785
best_s62,alpaca_6935,code,0.03809730336070061
best_s62,alpaca_16965,code,0.22317977249622345
best_s62,alpaca_18827,code,0.3347342014312744
best_s62,alpaca_438,code,0.09355445951223373
best_s62,alpaca_9299,code,0.06797696650028229
best_s62,alpaca_19317,code,0.20911383628845215
best_s62,alpaca_19376,code,0.13211899995803833
best_s62,alpaca_5666,code,0.06667126715183258
best_s62,alpaca_9054,code,0.06694336235523224
best_s62,alpaca_19335,code,0.19999969005584717
best_s62,alpaca_16990,code,0.1836477369070053
best_s62,alpaca_8163,code,0.06505069881677628
best_s62,alpaca_991,code,0.037589747458696365
best_s62,alpaca_15676,code,0.13752636313438416
best_s62,alpaca_1893,code,0.12108411639928818
best_s62,alpaca_10000,code,0.0654451921582222
best_s62,alpaca_8157,code,0.16485777497291565
best_s62,alpaca_1692,code,0.15566979348659515
best_s62,alpaca_14609,code,0.19912169873714447
best_s62,alpaca_12656,code,0.07250522822141647
best_s62,alpaca_17895,code,0.14212541282176971
best_s62,alpaca_2005,code,0.11880552023649216
best_s62,alpaca_17892,code,0.13951359689235687
best_s62,alpaca_4465,code,0.2425469160079956
best_s62,alpaca_5552,code,0.07828183472156525
best_s62,alpaca_11748,code,0.07301634550094604
best_s62,alpaca_13679,code,0.1555793136358261
best_s62,alpaca_15496,code,0.3279350697994232
best_s62,alpaca_9601,code,0.24431578814983368
best_s62,alpaca_14860,code,0.10466556251049042
best_s62,alpaca_7399,code,0.16297797858715057
best_s62,alpaca_4682,code,0.08401872217655182
best_s62,alpaca_10889,code,0.059418629854917526
best_s62,alpaca_3629,code,0.03545993193984032
best_s62,alpaca_10984,code,0.16917729377746582
best_s62,alpaca_18025,code,0.16332025825977325
best_s62,alpaca_10886,code,0.25168249011039734
best_s62,alpaca_10771,code,0.023807018995285034
best_s62,alpaca_9781,code,0.2633596658706665
best_s62,alpaca_1011,code,0.10066759586334229
best_s62,alpaca_17139,code,0.08976771682500839
best_s62,alpaca_17066,code,0.05778266862034798
best_s62,alpaca_2530,code,0.15931452810764313
best_s62,alpaca_158,code,0.12607330083847046
best_s62,alpaca_422,code,0.02985038422048092
best_s62,alpaca_103,code,0.13753573596477509
best_s62,alpaca_1891,code,0.05893954262137413
best_s62,alpaca_17797,code,0.16370320320129395
best_s62,alpaca_7657,code,0.2253875732421875
best_s62,alpaca_14675,code,0.12086986750364304
best_s62,control_346,control,0.35887742042541504
best_s62,control_316,control,0.3438678979873657
best_s62,control_376,control,0.26685887575149536
best_s62,control_396,control,0.3442489206790924
best_s62,control_16,control,0.35887742042541504
best_s62,control_246,control,0.35418373346328735
best_s62,control_96,control,0.35887742042541504
best_s62,control_496,control,0.2670536935329437
best_s62,control_276,control,0.3438678979873657
best_s62,control_146,control,0.26685887575149536
best_s62,control_186,control,0.3266455829143524
best_s62,control_76,control,0.3266455829143524
best_s62,control_466,control,0.34739112854003906
best_s62,control_426,control,0.3442489206790924
best_s62,control_206,control,0.34739112854003906
best_s62,control_56,control,0.3438678979873657
best_s62,control_456,control,0.3438678979873657
best_s62,control_386,control,0.3603355884552002
best_s62,control_176,control,0.35887742042541504
best_s62,control_126,control,0.35418373346328735
best_s62,control_416,control,0.35366764664649963
best_s62,control_476,control,0.3266455829143524
best_s62,control_356,control,0.34739112854003906
best_s62,control_326,control,0.3266455829143524
best_s62,control_256,control,0.3603355884552002
best_s62,control_196,control,0.35418373346328735
best_s62,control_366,control,0.26685887575149536
best_s62,control_6,control,0.26685887575149536
best_s62,control_486,control,0.3442489206790924
best_s62,control_336,control,0.3438678979873657
best_s62,control_36,control,0.34739112854003906
best_s62,control_436,control,0.35366764664649963
best_s62,control_116,control,0.3442489206790924
best_s62,control_66,control,0.3442489206790924
best_s62,control_86,control,0.3442489206790924
best_s62,control_216,control,0.3603355884552002
best_s62,control_26,control,0.3603355884552002
best_s62,control_286,control,0.35366764664649963
best_s62,control_136,control,0.3266455829143524
best_s62,control_296,control,0.35887742042541504
best_s62,control_266,control,0.34739112854003906
best_s62,control_166,control,0.35366764664649963
best_s62,control_306,control,0.3438678979873657
best_s62,control_446,control,0.35366764664649963
best_s62,control_46,control,0.2670536935329437
best_s62,control_236,control,0.3266455829143524
best_s62,control_226,control,0.3442489206790924
best_s62,control_406,control,0.3266455829143524
best_s62,control_106,control,0.3603355884552002
best_s62,control_156,control,0.2670536935329437
best_s63,gsm_c62453c17c2ef0b4,math,0.04892772063612938
best_s63,gsm_72c5002d237f65df,math,0.061853379011154175
best_s63,gsm_747a57ec661ec040,math,0.03588690608739853
best_s63,gsm_3af6d6e01edb6c0f,math,0.037718191742897034
best_s63,gsm_8810fc61726994ce,math,0.06222565844655037
best_s63,gsm_ca10fdf80b6e3897,math,0.03953995555639267
best_s63,gsm_0c494b9c92950e4d,math,0.04359408840537071
best_s63,gsm_8beb578650d05ba1,math,0.032963551580905914
best_s63,gsm_576d7627007443ad,math,0.0532427616417408
best_s63,gsm_a70ca700d390e226,math,0.042612116783857346
best_s63,gsm_35dea7b633732e14,math,0.039341505616903305
best_s63,gsm_f7fdf9a6b43b6e48,math,0.04153164103627205
best_s63,gsm_35d41089a18507bd,math,0.03959466516971588
best_s63,gsm_3d49a187f61986a4,math,0.08140405267477036
best_s63,gsm_926574ced1f06ca1,math,0.03778054192662239
best_s63,gsm_0adcc3517ca243d4,math,0.03497287631034851
best_s63,gsm_f6bcf679f3018443,math,0.05979650095105171
best_s63,gsm_c0df1383f9690298,math,0.042585503309965134
best_s63,gsm_5df0064b9ba0dca7,math,0.0397275872528553
best_s63,gsm_1772c64c068c1a89,math,0.050240255892276764
best_s63,gsm_0266ed8a4e87d5e4,math,0.04201579838991165
best_s63,gsm_f42de69d24ee2e5e,math,0.05904728174209595
best_s63,gsm_c5226559b9b37285,math,0.06017346307635307
best_s63,gsm_51146726b2082770,math,0.041708432137966156
best_s63,gsm_e7ed710388226bf7,math,0.04963073506951332
best_s63,gsm_391986fc8c46e416,math,0.04417554289102554
best_s63,gsm_4560b2d047fc6f74,math,0.03642181679606438
best_s63,gsm_c796f4b7c9a9d5de,math,0.047108400613069534
best_s63,gsm_d538ffc1fe2fb8cc,math,0.071158766746521
best_s63,gsm_f66a49e3f1b08991,math,0.0653393566608429
best_s63,gsm_d6e827a0c2ff1749,math,0.03541862964630127
best_s63,gsm_895ed20aaf264edb,math,0.03609231114387512
best_s63,gsm_71914cf214d7343c,math,0.04706886038184166
best_s63,gsm_475ce948a8101cc2,math,0.05443250760436058
best_s63,gsm_89994875b3813c91,math,0.06161458045244217
best_s63,gsm_dae9ddc3f7ff4235,math,0.03726835176348686
best_s63,gsm_539a3c98b25411c7,math,0.03998947888612747
best_s63,gsm_3b6abf5a7c8fcf58,math,0.043825745582580566
best_s63,gsm_fbe04f5794f6448e,math,0.0526607520878315
best_s63,gsm_1e642011c4e48c79,math,0.03945671394467354
best_s63,gsm_8fe862a4d01c9679,math,0.0438520722091198
best_s63,gsm_4b75ebba37bfe632,math,0.052548687905073166
best_s63,gsm_ba4333cfc64a1669,math,0.04080934822559357
best_s63,gsm_1d1018dd20fb5560,math,0.04279792681336403
best_s63,gsm_75aca026bf532f3c,math,0.05041952803730965
best_s63,gsm_cdbb54ec3758d7d8,math,0.06521274894475937
best_s63,gsm_ce2ff2b11ba3e607,math,0.11253493279218674
best_s63,gsm_7f66fc2dcff04dd2,math,0.06177408620715141
best_s63,gsm_0a70a72afbb52f1e,math,0.04285616800189018
best_s63,gsm_09c017405e7219b6,math,0.042448826134204865
best_s63,gsm_4660b826ff99d586,math,0.05148957297205925
best_s63,gsm_11d5212b26f5632d,math,0.05207233503460884
best_s63,gsm_85cedd141b4f41b9,math,0.03660985827445984
best_s63,gsm_aa2cbf235d77a438,math,0.03306974843144417
best_s63,gsm_f8aee604feedfb99,math,0.03624922037124634
best_s63,gsm_32c19654eb81db68,math,0.07243207097053528
best_s63,gsm_957cc8747eb0728e,math,0.04332277551293373
best_s63,gsm_0b698bdad67456bd,math,0.02961009554564953
best_s63,gsm_f7e8dfb7ae44396b,math,0.04001585394144058
best_s63,gsm_af7261d88886c1fc,math,0.03892994299530983
best_s63,gsm_5c4d0d4793b59d07,math,0.03991686552762985
best_s63,gsm_6d7de09362f953ba,math,0.04709501191973686
best_s63,gsm_b9c6a1cd659ba546,math,0.059233810752630234
best_s63,gsm_2111c467908cca23,math,0.03779834881424904
best_s63,gsm_ddd13d79f4477241,math,0.04972595348954201
best_s63,gsm_a0c4c12f79fdd38d,math,0.04624074697494507
best_s63,gsm_d2c08ce186a30e2b,math,0.06883665174245834
best_s63,gsm_a30b357702ab8e4c,math,0.06859297305345535
best_s63,gsm_b98d2be3577a7eaf,math,0.03891667723655701
best_s63,gsm_9311e9bf010feb22,math,0.03083517961204052
best_s63,gsm_95e14342abcfb01e,math,0.060006704181432724
best_s63,gsm_b2ec0e764ab294a3,math,0.035526666790246964
best_s63,gsm_965e776cdf11a536,math,0.05682966858148575
best_s63,gsm_1e7242ba8f738ab4,math,0.04766653850674629
best_s63,gsm_0c6a487bbbdeaa80,math,0.04464114084839821
best_s63,gsm_5c26b1813945bef3,math,0.06002202257514
best_s63,gsm_83003a10dd7e5ff9,math,0.0522732138633728
best_s63,gsm_9f67d4454c2e2a82,math,0.029146110638976097
best_s63,gsm_85cd8b011a144050,math,0.05646597221493721
best_s63,gsm_657b7bbde3a1f1f2,math,0.05312896892428398
best_s63,gsm_f5b2d44acea45642,math,0.07470828294754028
best_s63,gsm_d55348837d9b13a8,math,0.051846008747816086
best_s63,gsm_eb3e1be02e123fd4,math,0.0585811510682106
best_s63,gsm_cdf0c44eafa372e9,math,0.04786400496959686
best_s63,gsm_a67ff092bb2c7b6c,math,0.05361519381403923
best_s63,gsm_7f9a1b56544a8b00,math,0.04809719696640968
best_s63,gsm_264f5e7fa441a8d7,math,0.039512962102890015
best_s63,gsm_85d09e4c97145c03,math,0.035018716007471085
best_s63,gsm_b7be65ee1d99d929,math,0.07401486486196518
best_s63,gsm_f17421d70fa50272,math,0.03954895958304405
best_s63,gsm_ee4f12ab0528f1ac,math,0.03836318850517273
best_s63,gsm_08f358371771e634,math,0.07749506831169128
best_s63,gsm_3b27306d470e78c2,math,0.06685259193181992
best_s63,gsm_f5b78d5c80a69f79,math,0.04317093640565872
best_s63,gsm_5eb4603c69e46f40,math,0.036132823675870895
best_s63,gsm_27981502e3654775,math,0.048747699707746506
best_s63,gsm_92deb4d5b2108972,math,0.05991693213582039
best_s63,gsm_7cd2e87d30d3e3d8,math,0.04693695530295372
best_s63,gsm_f5f0934560d424fc,math,0.033763427287340164
best_s63,gsm_14f18adde06b86db,math,0.07357586175203323
best_s63,gsm_5fa53ffdec5c079d,math,0.07209658622741699
best_s63,gsm_d56a1f53ee1f09d7,math,0.045211948454380035
best_s63,gsm_67bcb24bdafdbdcb,math,0.037547122687101364
best_s63,gsm_112b77693ec7b322,math,0.06347926706075668
best_s63,gsm_25220bd74addeae5,math,0.04688354954123497
best_s63,gsm_271359665273f05c,math,0.09091885387897491
best_s63,gsm_3f65a3eb08873b5f,math,0.05013931915163994
best_s63,gsm_bd77171ff4ed21c8,math,0.09467387199401855
best_s63,gsm_1e6aa97157303da4,math,0.0382017083466053
best_s63,gsm_a161e89e18303ebf,math,0.05019344016909599
best_s63,gsm_9d497f81c6a58b35,math,0.03650481998920441
best_s63,gsm_83e271dd0d25f360,math,0.024871239438652992
best_s63,gsm_aace71f25886e6f6,math,0.04613657295703888
best_s63,gsm_b3ee7c4ec73b99cb,math,0.05042362958192825
best_s63,gsm_f5df0bf38204f5ad,math,0.07585207372903824
best_s63,gsm_e4434bd35741fe39,math,0.058803535997867584
best_s63,gsm_245333daa59e966a,math,0.049744535237550735
best_s63,gsm_73f9579c4c824ec5,math,0.05369649454951286
best_s63,gsm_b2443f263d2ddc30,math,0.0369812436401844
best_s63,gsm_7ad37e7164a0a9da,math,0.05308866128325462
best_s63,gsm_ed4cb4418932050a,math,0.031471747905015945
best_s63,gsm_d30182578983680d,math,0.06349282711744308
best_s63,gsm_4e9457649eaf6717,math,0.08229752629995346
best_s63,gsm_f83638c747ef3479,math,0.0420476458966732
best_s63,gsm_bc3aee8003dabf5b,math,0.04391026124358177
best_s63,gsm_d78dd7418e60f804,math,0.04450957849621773
best_s63,gsm_41a73a281cb285b4,math,0.043201811611652374
best_s63,gsm_74b121cb68fbe399,math,0.039666932076215744
best_s63,gsm_c88fb84bddd704d1,math,0.054612673819065094
best_s63,gsm_3dc26cdf3d4c97ff,math,0.024044156074523926
best_s63,gsm_7d6021f258c2bbe6,math,0.033288586884737015
best_s63,gsm_ece3f99f16dc7059,math,0.05805936083197594
best_s63,gsm_8a24bb682165f09b,math,0.03661695495247841
best_s63,gsm_5b411e93c3d5101f,math,0.03929639980196953
best_s63,gsm_5106cb114e87a477,math,0.07402869313955307
best_s63,gsm_341ae29c61f99ba6,math,0.047568753361701965
best_s63,gsm_91dd72c4f487819f,math,0.03123789094388485
best_s63,gsm_89b197d566eeb88a,math,0.041817035526037216
best_s63,gsm_c9804cd07e4b61b5,math,0.04772338271141052
best_s63,gsm_3365430d729929ed,math,0.03042544238269329
best_s63,gsm_2f0ab7e9cc672149,math,0.04518052935600281
best_s63,gsm_5b05ef609031715a,math,0.055172260850667953
best_s63,gsm_d2b6947d68b60611,math,0.034649599343538284
best_s63,gsm_9e42ca71cf51f9d5,math,0.06039484962821007
best_s63,gsm_0953c93b27a19f34,math,0.05121608451008797
best_s63,gsm_74071327f93ef085,math,0.05700333043932915
best_s63,gsm_3fadc21d156f7fa9,math,0.05703940615057945
best_s63,gsm_6e21b7eb0ef92ab0,math,0.09103808552026749
best_s63,gsm_2eef2844e294fdeb,math,0.04774376377463341
best_s63,gsm_2b24fe3f2a6c1462,math,0.05105186626315117
best_s63,gsm_d26b73b0a0ea97fe,math,0.053025390952825546
best_s63,gsm_67b090934081c84c,math,0.09318920969963074
best_s63,gsm_d9fedc485c6d329e,math,0.046836961060762405
best_s63,gsm_404fe544d4a9a6d8,math,0.052802979946136475
best_s63,gsm_a320010faee9c656,math,0.051319003105163574
best_s63,gsm_05d7e11565627135,math,0.04793262854218483
best_s63,gsm_3c8c7394137efdbd,math,0.048279523849487305
best_s63,gsm_a7c83a5b26298683,math,0.03522356227040291
best_s63,gsm_1ff6f7cb8864ac3d,math,0.04793808236718178
best_s63,gsm_8850b00234635a9d,math,0.0533374659717083
best_s63,gsm_8e58d3c44aa7ff33,math,0.05006963759660721
best_s63,gsm_30cfe7712e410f1d,math,0.0575619600713253
best_s63,gsm_a39cde53917afe3f,math,0.026135001331567764
best_s63,gsm_65f63602e5bcc36b,math,0.05947886034846306
best_s63,gsm_70fd027ff7397b46,math,0.04383636638522148
best_s63,gsm_e91536db505dc19d,math,0.02437548153102398
best_s63,gsm_23b001e6d1f43b7a,math,0.042373206466436386
best_s63,gsm_510a1b892ed516a9,math,0.03567096218466759
best_s63,gsm_3e57d82f27c24cef,math,0.030724192038178444
best_s63,gsm_b259733db478725a,math,0.05235031992197037
best_s63,gsm_72420d41411ac74e,math,0.08972398191690445
best_s63,gsm_45b68e9a4a4b6f09,math,0.04521637782454491
best_s63,gsm_40ba62d840c8a4cd,math,0.07699394971132278
best_s63,gsm_4bd9127a877e963a,math,0.08390697091817856
best_s63,gsm_b788a146e13c2d3b,math,0.03886638209223747
best_s63,gsm_53e9cf041f54bf9c,math,0.08561455458402634
best_s63,gsm_701f3494e255e8d7,math,0.046317290514707565
best_s63,gsm_8535ae0540a763f9,math,0.035245802253484726
best_s63,gsm_d6a962e555a3b2d8,math,0.04457973316311836
best_s63,gsm_c769ffcd998cdf4b,math,0.04865109920501709
best_s63,gsm_1d711c0edab6cdf9,math,0.05649438127875328
best_s63,gsm_7089a27d5be9d735,math,0.033129170536994934
best_s63,gsm_8282c947ebdb72c4,math,0.06315772980451584
best_s63,gsm_4d58e157821739ee,math,0.052064795047044754
best_s63,gsm_01895a7a6826a915,math,0.03307393193244934
best_s63,gsm_4023e12520086b85,math,0.06630388647317886
best_s63,gsm_9399899bcaabc8ed,math,0.03097659721970558
best_s63,gsm_0feeb37eda9ea126,math,0.04145117849111557
best_s63,gsm_f7161d26efd1d114,math,0.05641518905758858
best_s63,gsm_c8eda87800e3e5ac,math,0.05658191442489624
best_s63,gsm_6fd1be8949c1f6a2,math,0.06383482366800308
best_s63,gsm_3eca6b76b1f1ad8a,math,0.04051249846816063
best_s63,gsm_dc1958a43149115d,math,0.04085339978337288
best_s63,gsm_e50f6822067b1757,math,0.041362252086400986
best_s63,gsm_d91feeaec617d234,math,0.07094290107488632
best_s63,gsm_eb4fafd06c693daa,math,0.04782400652766228
best_s63,gsm_a43343572469f619,math,0.06309609115123749
best_s63,gsm_d72f60c8ce1eca73,math,0.05437822267413139
best_s63,gsm_6d19b90aa3615625,math,0.03375457599759102
best_s63,gsm_3e64ac9bd7eee07f,math,0.07078196853399277
best_s63,gsm_a3c3be84f9b93551,math,0.05642731860280037
best_s63,gsm_a532ec5b80cebf47,math,0.048765040934085846
best_s63,gsm_fc616873dce69386,math,0.04408293962478638
best_s63,gsm_ddc532da449ad062,math,0.07069693505764008
best_s63,gsm_d2909e3c70589dfc,math,0.04546549543738365
best_s63,gsm_b11f569a3f129339,math,0.04697215184569359
best_s63,gsm_537a8f3b08c5806a,math,0.058120664209127426
best_s63,gsm_eb0c6dc7e6a52ee1,math,0.04693257436156273
best_s63,gsm_58a2c89d3870d4f0,math,0.04415513202548027
best_s63,gsm_5a2811bffcd84918,math,0.04136160761117935
best_s63,gsm_cd25c907e3d1230d,math,0.0380072183907032
best_s63,gsm_969ac66c0d3cb729,math,0.07098408043384552
best_s63,gsm_085c07c991b7f6dc,math,0.04194599762558937
best_s63,gsm_fc7237589092f3fc,math,0.04506883770227432
best_s63,gsm_d0dcd7f288303715,math,0.03834875300526619
best_s63,gsm_5c2413d4439e804f,math,0.16661493480205536
best_s63,gsm_39369532603a287f,math,0.03878835216164589
best_s63,gsm_d4a51456b7945b99,math,0.03945278003811836
best_s63,gsm_108787ae99efce11,math,0.06486885249614716
best_s63,gsm_dcc87971f34d3210,math,0.03179841861128807
best_s63,gsm_5d50b87fd6fe5f3b,math,0.04226259887218475
best_s63,gsm_e0b9d6d609fcd66c,math,0.0617939829826355
best_s63,gsm_0953bab0d62fef54,math,0.05403463914990425
best_s63,gsm_3b3648b5ef47ef61,math,0.07184839248657227
best_s63,gsm_cb8099688088d7d1,math,0.03853105381131172
best_s63,alpaca_1907,code,0.020777679979801178
best_s63,alpaca_5350,code,0.03834176063537598
best_s63,alpaca_5821,code,0.07854652404785156
best_s63,alpaca_18823,code,0.03870479390025139
best_s63,alpaca_10829,code,0.11045890301465988
best_s63,alpaca_2198,code,0.05218329653143883
best_s63,alpaca_4240,code,0.07710547745227814
best_s63,alpaca_2123,code,0.032367605715990067
best_s63,alpaca_1018,code,0.06886540353298187
best_s63,alpaca_17933,code,0.017578406259417534
best_s63,alpaca_7780,code,0.10451114177703857
best_s63,alpaca_18074,code,0.022521039471030235
best_s63,alpaca_9791,code,0.0778137668967247
best_s63,alpaca_10429,code,0.05512681603431702
best_s63,alpaca_7994,code,0.021591324359178543
best_s63,alpaca_8080,code,0.04136044532060623
best_s63,alpaca_2376,code,0.06598228216171265
best_s63,alpaca_17356,code,0.06194964796304703
best_s63,alpaca_11441,code,0.016467856243252754
best_s63,alpaca_14422,code,0.08389150351285934
best_s63,alpaca_10924,code,0.013740253634750843
best_s63,alpaca_14341,code,0.030688609927892685
best_s63,alpaca_8972,code,0.041531652212142944
best_s63,alpaca_12289,code,0.04324643686413765
best_s63,alpaca_11567,code,0.0683966651558876
best_s63,alpaca_1737,code,0.05111028999090195
best_s63,alpaca_15065,code,0.12337368726730347
best_s63,alpaca_19763,code,0.06749086827039719
best_s63,alpaca_2984,code,0.041174665093421936
best_s63,alpaca_16839,code,0.08665551990270615
best_s63,alpaca_9316,code,0.04824884608387947
best_s63,alpaca_18481,code,0.07417182624340057
best_s63,alpaca_17104,code,0.07404033094644547
best_s63,alpaca_4742,code,0.13026614487171173
best_s63,alpaca_19792,code,0.09142298251390457
best_s63,alpaca_16576,code,0.052729398012161255
best_s63,alpaca_11968,code,0.09571359306573868
best_s63,alpaca_2279,code,0.03644092381000519
best_s63,alpaca_15267,code,0.028475446626544
best_s63,alpaca_18655,code,0.03863433375954628
best_s63,alpaca_13529,code,0.037130143493413925
best_s63,alpaca_17634,code,0.09744002670049667
best_s63,alpaca_15154,code,0.1058131605386734
best_s63,alpaca_16821,code,0.027608722448349
best_s63,alpaca_5963,code,0.018464570865035057
best_s63,alpaca_7258,code,0.08978792279958725
best_s63,alpaca_3247,code,0.036868128925561905
best_s63,alpaca_5316,code,0.045117951929569244
best_s63,alpaca_771,code,0.03590773046016693
best_s63,alpaca_3363,code,0.04132533818483353
best_s63,alpaca_7290,code,0.017201745882630348
best_s63,alpaca_19436,code,0.05217242240905762
best_s63,alpaca_15918,code,0.023644616827368736
best_s63,alpaca_6009,code,0.09933833032846451
best_s63,alpaca_12783,code,0.11285572499036789
best_s63,alpaca_7546,code,0.04047924652695656
best_s63,alpaca_17186,code,0.04835757240653038
best_s63,alpaca_3264,code,0.10579245537519455
best_s63,alpaca_19943,code,0.0470280721783638
best_s63,alpaca_2552,code,0.016325898468494415
best_s63,alpaca_17699,code,0.05362457036972046
best_s63,alpaca_16118,code,0.03228236362338066
best_s63,alpaca_904,code,0.01937931403517723
best_s63,alpaca_19582,code,0.048806603997945786
best_s63,alpaca_16569,code,0.04824446886777878
best_s63,alpaca_3245,code,0.09994707256555557
best_s63,alpaca_18459,code,0.07902166992425919
best_s63,alpaca_11231,code,0.03530162572860718
best_s63,alpaca_4719,code,0.058545198291540146
best_s63,alpaca_13692,code,0.12431712448596954
best_s63,alpaca_2545,code,0.05245193466544151
best_s63,alpaca_88,code,0.07128699123859406
best_s63,alpaca_10008,code,0.0687616616487503
best_s63,alpaca_11715,code,0.023214159533381462
best_s63,alpaca_286,code,0.06866806745529175
best_s63,alpaca_17726,code,0.061900943517684937
best_s63,alpaca_8241,code,0.061157405376434326
best_s63,alpaca_15462,code,0.06610549986362457
best_s63,alpaca_8351,code,0.030086519196629524
best_s63,alpaca_9955,code,0.06791093200445175
best_s63,alpaca_19818,code,0.052920322865247726
best_s63,alpaca_462,code,0.0707080289721489
best_s63,alpaca_16798,code,0.0843174085021019
best_s63,alpaca_3049,code,0.04841737821698189
best_s63,alpaca_19325,code,0.04367947205901146
best_s63,alpaca_7324,code,0.04314282163977623
best_s63,alpaca_8035,code,0.04583805426955223
best_s63,alpaca_690,code,0.025437867268919945
best_s63,alpaca_1597,code,0.029090268537402153
best_s63,alpaca_1410,code,0.04537471383810043
best_s63,alpaca_16876,code,0.032517462968826294
best_s63,alpaca_8784,code,0.02491462416946888
best_s63,alpaca_16439,code,0.04191318899393082
best_s63,alpaca_15940,code,0.12742401659488678
best_s63,alpaca_15594,code,0.04707365855574608
best_s63,alpaca_17224,code,0.05233336612582207
best_s63,alpaca_6324,code,0.015678204596042633
best_s63,alpaca_7053,code,0.026269957423210144
best_s63,alpaca_9134,code,0.030590573325753212
best_s63,alpaca_5994,code,0.025591790676116943
best_s63,alpaca_10915,code,0.028408855199813843
best_s63,alpaca_9174,code,0.036111097782850266
best_s63,alpaca_10536,code,0.05503625422716141
best_s63,alpaca_10136,code,0.08376786857843399
best_s63,alpaca_5842,code,0.022243814542889595
best_s63,alpaca_10727,code,0.04161236807703972
best_s63,alpaca_12154,code,0.029613185673952103
best_s63,alpaca_2306,code,0.023408304899930954
best_s63,alpaca_18933,code,0.023678263649344444
best_s63,alpaca_13481,code,0.10589563846588135
best_s63,alpaca_584,code,0.03605573996901512
best_s63,alpaca_11261,code,0.06816291064023972
best_s63,alpaca_4696,code,0.06162099167704582
best_s63,alpaca_11901,code,0.034912750124931335
best_s63,alpaca_5279,code,0.03229673206806183
best_s63,alpaca_11923,code,0.04137619957327843
best_s63,alpaca_4490,code,0.029939565807580948
best_s63,alpaca_2783,code,0.10704220831394196
best_s63,alpaca_6263,code,0.03185625001788139
best_s63,alpaca_1123,code,0.03136882185935974
best_s63,alpaca_13116,code,0.05294529348611832
best_s63,alpaca_2453,code,0.11108467727899551
best_s63,alpaca_18327,code,0.07142090797424316
best_s63,alpaca_6595,code,0.01931963860988617
best_s63,alpaca_2358,code,0.031967129558324814
best_s63,alpaca_3568,code,0.04990055784583092
best_s63,alpaca_1658,code,0.06625515967607498
best_s63,alpaca_10043,code,0.03494567796587944
best_s63,alpaca_19911,code,0.06747549772262573
best_s63,alpaca_16423,code,0.08860272169113159
best_s63,alpaca_1782,code,0.015665283426642418
best_s63,alpaca_15896,code,0.030518701300024986
best_s63,alpaca_15764,code,0.0966426283121109
best_s63,alpaca_10621,code,0.07580097019672394
best_s63,alpaca_5734,code,0.03772460296750069
best_s63,alpaca_19315,code,0.08991970121860504
best_s63,alpaca_10139,code,0.03243419528007507
best_s63,alpaca_9606,code,0.03343212604522705
best_s63,alpaca_1187,code,0.04625345766544342
best_s63,alpaca_7878,code,0.02097446657717228
best_s63,alpaca_16104,code,0.026341743767261505
best_s63,alpaca_7525,code,0.08782819658517838
best_s63,alpaca_1402,code,0.08607586473226547
best_s63,alpaca_14254,code,0.08805349469184875
best_s63,alpaca_12158,code,0.024175746366381645
best_s63,alpaca_910,code,0.047326184809207916
best_s63,alpaca_13477,code,0.041636135429143906
best_s63,alpaca_9497,code,0.09343524277210236
best_s63,alpaca_7553,code,0.02404087223112583
best_s63,alpaca_11737,code,0.09359283745288849
best_s63,alpaca_15064,code,0.08244016021490097
best_s63,alpaca_17606,code,0.06340605020523071
best_s63,alpaca_19523,code,0.017864109948277473
best_s63,alpaca_5715,code,0.03260461986064911
best_s63,alpaca_18071,code,0.047502003610134125
best_s63,alpaca_7948,code,0.05036455765366554
best_s63,alpaca_9186,code,0.018447590991854668
best_s63,alpaca_12285,code,0.026310045272111893
best_s63,alpaca_16119,code,0.0301999282091856
best_s63,alpaca_13161,code,0.018266934901475906
best_s63,alpaca_11244,code,0.02549869753420353
best_s63,alpaca_3029,code,0.06423229724168777
best_s63,alpaca_9051,code,0.08264820277690887
best_s63,alpaca_12160,code,0.018711276352405548
best_s63,alpaca_15307,code,0.06217294558882713
best_s63,alpaca_7754,code,0.055780258029699326
best_s63,alpaca_7045,code,0.031370311975479126
best_s63,alpaca_8688,code,0.07434815168380737
best_s63,alpaca_14375,code,0.0280725359916687
best_s63,alpaca_7246,code,0.021542614325881004
best_s63,alpaca_8974,code,0.01888032630085945
best_s63,alpaca_5664,code,0.08884596079587936
best_s63,alpaca_5427,code,0.02585194818675518
best_s63,alpaca_11721,code,0.04887811094522476
best_s63,alpaca_9934,code,0.01711268536746502
best_s63,alpaca_6935,code,0.01699761301279068
best_s63,alpaca_16965,code,0.09225650131702423
best_s63,alpaca_18827,code,0.1536812037229538
best_s63,alpaca_438,code,0.018961511552333832
best_s63,alpaca_9299,code,0.025192860513925552
best_s63,alpaca_19317,code,0.09881915897130966
best_s63,alpaca_19376,code,0.06637854874134064
best_s63,alpaca_5666,code,0.028929883614182472
best_s63,alpaca_9054,code,0.02654908038675785
best_s63,alpaca_19335,code,0.0815931037068367
best_s63,alpaca_16990,code,0.09700586646795273
best_s63,alpaca_8163,code,0.03381500393152237
best_s63,alpaca_991,code,0.01678008772432804
best_s63,alpaca_15676,code,0.06366190314292908
best_s63,alpaca_1893,code,0.0561567060649395
best_s63,alpaca_10000,code,0.029930589720606804
best_s63,alpaca_8157,code,0.06684929132461548
best_s63,alpaca_1692,code,0.07312335819005966
best_s63,alpaca_14609,code,0.07931069284677505
best_s63,alpaca_12656,code,0.02966451086103916
best_s63,alpaca_17895,code,0.0632428526878357
best_s63,alpaca_2005,code,0.05047421529889107
best_s63,alpaca_17892,code,0.05877920612692833
best_s63,alpaca_4465,code,0.11889558285474777
best_s63,alpaca_5552,code,0.03430011495947838
best_s63,alpaca_11748,code,0.03237345442175865
best_s63,alpaca_13679,code,0.07773201912641525
best_s63,alpaca_15496,code,0.12092246860265732
best_s63,alpaca_9601,code,0.13196168839931488
best_s63,alpaca_14860,code,0.04616757854819298
best_s63,alpaca_7399,code,0.07363127917051315
best_s63,alpaca_4682,code,0.03732266649603844
best_s63,alpaca_10889,code,0.027316812425851822
best_s63,alpaca_3629,code,0.01611325331032276
best_s63,alpaca_10984,code,0.06292357295751572
best_s63,alpaca_18025,code,0.06514095515012741
best_s63,alpaca_10886,code,0.11002027243375778
best_s63,alpaca_10771,code,0.009415765292942524
best_s63,alpaca_9781,code,0.12023710459470749
best_s63,alpaca_1011,code,0.04189319908618927
best_s63,alpaca_17139,code,0.04191968962550163
best_s63,alpaca_17066,code,0.02667796052992344
best_s63,alpaca_2530,code,0.06556137651205063
best_s63,alpaca_158,code,0.05971414968371391
best_s63,alpaca_422,code,0.012619095854461193
best_s63,alpaca_103,code,0.06083570793271065
best_s63,alpaca_1891,code,0.027714818716049194
best_s63,alpaca_17797,code,0.06349573284387589
best_s63,alpaca_7657,code,0.09284219890832901
best_s63,alpaca_14675,code,0.056946005672216415
best_s63,control_346,control,0.16932132840156555
best_s63,control_316,control,0.17415358126163483
best_s63,control_376,control,0.12203716486692429
best_s63,control_396,control,0.16991321742534637
best_s63,control_16,control,0.16932132840156555
best_s63,control_246,control,0.17377251386642456
best_s63,control_96,control,0.16932132840156555
best_s63,control_496,control,0.12265238165855408
best_s63,control_276,control,0.17415358126163483
best_s63,control_146,control,0.12203716486692429
best_s63,control_186,control,0.15614575147628784
best_s63,control_76,control,0.15614575147628784
best_s63,control_466,control,0.16934622824192047
best_s63,control_426,control,0.16991321742534637
best_s63,control_206,control,0.16934622824192047
best_s63,control_56,control,0.17415358126163483
best_s63,control_456,control,0.17415358126163483
best_s63,control_386,control,0.17380313575267792
best_s63,control_176,control,0.16932132840156555
best_s63,control_126,control,0.17377251386642456
best_s63,control_416,control,0.17337621748447418
best_s63,control_476,control,0.15614575147628784
best_s63,control_356,control,0.16934622824192047
best_s63,control_326,control,0.15614575147628784
best_s63,control_256,control,0.17380313575267792
best_s63,control_196,control,0.17377251386642456
best_s63,control_366,control,0.12203716486692429
best_s63,control_6,control,0.12203716486692429
best_s63,control_486,control,0.16991321742534637
best_s63,control_336,control,0.17415358126163483
best_s63,control_36,control,0.16934622824192047
best_s63,control_436,control,0.17337621748447418
best_s63,control_116,control,0.16991321742534637
best_s63,control_66,control,0.16991321742534637
best_s63,control_86,control,0.16991321742534637
best_s63,control_216,control,0.17380313575267792
best_s63,control_26,control,0.17380313575267792
best_s63,control_286,control,0.17337621748447418
best_s63,control_136,control,0.15614575147628784
best_s63,control_296,control,0.16932132840156555
best_s63,control_266,control,0.16934622824192047
best_s63,control_166,control,0.17337621748447418
best_s63,control_306,control,0.17415358126163483
best_s63,control_446,control,0.17337621748447418
best_s63,control_46,control,0.12265238165855408
best_s63,control_236,control,0.15614575147628784
best_s63,control_226,control,0.16991321742534637
best_s63,control_406,control,0.15614575147628784
best_s63,control_106,control,0.17380313575267792
best_s63,control_156,control,0.12265238165855408
requested_s60,gsm_c62453c17c2ef0b4,math,0.2221761792898178
requested_s60,gsm_72c5002d237f65df,math,0.26468703150749207
requested_s60,gsm_747a57ec661ec040,math,0.17129097878932953
requested_s60,gsm_3af6d6e01edb6c0f,math,0.17503593862056732
requested_s60,gsm_8810fc61726994ce,math,0.22663617134094238
requested_s60,gsm_ca10fdf80b6e3897,math,0.2022554874420166
requested_s60,gsm_0c494b9c92950e4d,math,0.22325944900512695
requested_s60,gsm_8beb578650d05ba1,math,0.19398103654384613
requested_s60,gsm_576d7627007443ad,math,0.24996045231819153
requested_s60,gsm_a70ca700d390e226,math,0.2352893203496933
requested_s60,gsm_35dea7b633732e14,math,0.1949462890625
requested_s60,gsm_f7fdf9a6b43b6e48,math,0.21849103271961212
requested_s60,gsm_35d41089a18507bd,math,0.19168229401111603
requested_s60,gsm_3d49a187f61986a4,math,0.2775590419769287
requested_s60,gsm_926574ced1f06ca1,math,0.22422166168689728
requested_s60,gsm_0adcc3517ca243d4,math,0.19109825789928436
requested_s60,gsm_f6bcf679f3018443,math,0.34139111638069153
requested_s60,gsm_c0df1383f9690298,math,0.21813169121742249
requested_s60,gsm_5df0064b9ba0dca7,math,0.24230532348155975
requested_s60,gsm_1772c64c068c1a89,math,0.1991778314113617
requested_s60,gsm_0266ed8a4e87d5e4,math,0.24551601707935333
requested_s60,gsm_f42de69d24ee2e5e,math,0.2261875420808792
requested_s60,gsm_c5226559b9b37285,math,0.2778489291667938
requested_s60,gsm_51146726b2082770,math,0.24600926041603088
requested_s60,gsm_e7ed710388226bf7,math,0.1971990168094635
requested_s60,gsm_391986fc8c46e416,math,0.26073887944221497
requested_s60,gsm_4560b2d047fc6f74,math,0.2010861188173294
requested_s60,gsm_c796f4b7c9a9d5de,math,0.26969870924949646
requested_s60,gsm_d538ffc1fe2fb8cc,math,0.2627328932285309
requested_s60,gsm_f66a49e3f1b08991,math,0.29026615619659424
requested_s60,gsm_d6e827a0c2ff1749,math,0.17480690777301788
requested_s60,gsm_895ed20aaf264edb,math,0.17785124480724335
requested_s60,gsm_71914cf214d7343c,math,0.24584046006202698
requested_s60,gsm_475ce948a8101cc2,math,0.2585948407649994
requested_s60,gsm_89994875b3813c91,math,0.24599222838878632
requested_s60,gsm_dae9ddc3f7ff4235,math,0.2070126086473465
requested_s60,gsm_539a3c98b25411c7,math,0.16895326972007751
requested_s60,gsm_3b6abf5a7c8fcf58,math,0.2437068074941635
requested_s60,gsm_fbe04f5794f6448e,math,0.3109816610813141
requested_s60,gsm_1e642011c4e48c79,math,0.19728179275989532
requested_s60,gsm_8fe862a4d01c9679,math,0.2875702977180481
requested_s60,gsm_4b75ebba37bfe632,math,0.2240593284368515
requested_s60,gsm_ba4333cfc64a1669,math,0.19066447019577026
requested_s60,gsm_1d1018dd20fb5560,math,0.23646007478237152
requested_s60,gsm_75aca026bf532f3c,math,0.2507442831993103
requested_s60,gsm_cdbb54ec3758d7d8,math,0.2818504869937897
requested_s60,gsm_ce2ff2b11ba3e607,math,0.35641130805015564
requested_s60,gsm_7f66fc2dcff04dd2,math,0.3034971356391907
requested_s60,gsm_0a70a72afbb52f1e,math,0.238794207572937
requested_s60,gsm_09c017405e7219b6,math,0.1870555877685547
requested_s60,gsm_4660b826ff99d586,math,0.22779206931591034
requested_s60,gsm_11d5212b26f5632d,math,0.2604864537715912
requested_s60,gsm_85cedd141b4f41b9,math,0.20997607707977295
requested_s60,gsm_aa2cbf235d77a438,math,0.19922873377799988
requested_s60,gsm_f8aee604feedfb99,math,0.19815337657928467
requested_s60,gsm_32c19654eb81db68,math,0.2912083566188812
requested_s60,gsm_957cc8747eb0728e,math,0.1957845538854599
requested_s60,gsm_0b698bdad67456bd,math,0.16881360113620758
requested_s60,gsm_f7e8dfb7ae44396b,math,0.19570550322532654
requested_s60,gsm_af7261d88886c1fc,math,0.19487139582633972
requested_s60,gsm_5c4d0d4793b59d07,math,0.21219788491725922
requested_s60,gsm_6d7de09362f953ba,math,0.21846142411231995
requested_s60,gsm_b9c6a1cd659ba546,math,0.2743864953517914
requested_s60,gsm_2111c467908cca23,math,0.17449307441711426
requested_s60,gsm_ddd13d79f4477241,math,0.2560848891735077
requested_s60,gsm_a0c4c12f79fdd38d,math,0.22516308724880219
requested_s60,gsm_d2c08ce186a30e2b,math,0.29066404700279236
requested_s60,gsm_a30b357702ab8e4c,math,0.37453779578208923
requested_s60,gsm_b98d2be3577a7eaf,math,0.202962264418602
requested_s60,gsm_9311e9bf010feb22,math,0.1579713672399521
requested_s60,gsm_95e14342abcfb01e,math,0.24779930710792542
requested_s60,gsm_b2ec0e764ab294a3,math,0.17334115505218506
requested_s60,gsm_965e776cdf11a536,math,0.2875593602657318
requested_s60,gsm_1e7242ba8f738ab4,math,0.2704892158508301
requested_s60,gsm_0c6a487bbbdeaa80,math,0.20011810958385468
requested_s60,gsm_5c26b1813945bef3,math,0.24419815838336945
requested_s60,gsm_83003a10dd7e5ff9,math,0.2187383472919464
requested_s60,gsm_9f67d4454c2e2a82,math,0.14007775485515594
requested_s60,gsm_85cd8b011a144050,math,0.2726327180862427
requested_s60,gsm_657b7bbde3a1f1f2,math,0.21840691566467285
requested_s60,gsm_f5b2d44acea45642,math,0.25312015414237976
requested_s60,gsm_d55348837d9b13a8,math,0.26667675375938416
requested_s60,gsm_eb3e1be02e123fd4,math,0.22330991923809052
requested_s60,gsm_cdf0c44eafa372e9,math,0.2601422369480133
requested_s60,gsm_a67ff092bb2c7b6c,math,0.279385507106781
requested_s60,gsm_7f9a1b56544a8b00,math,0.26807844638824463
requested_s60,gsm_264f5e7fa441a8d7,math,0.2049826681613922
requested_s60,gsm_85d09e4c97145c03,math,0.17309831082820892
requested_s60,gsm_b7be65ee1d99d929,math,0.35784775018692017
requested_s60,gsm_f17421d70fa50272,math,0.1824609339237213
requested_s60,gsm_ee4f12ab0528f1ac,math,0.1872294396162033
requested_s60,gsm_08f358371771e634,math,0.37806227803230286
requested_s60,gsm_3b27306d470e78c2,math,0.24820971488952637
requested_s60,gsm_f5b78d5c80a69f79,math,0.2388499230146408
requested_s60,gsm_5eb4603c69e46f40,math,0.19119517505168915
requested_s60,gsm_27981502e3654775,math,0.25495991110801697
requested_s60,gsm_92deb4d5b2108972,math,0.2820068299770355
requested_s60,gsm_7cd2e87d30d3e3d8,math,0.2367657721042633
requested_s60,gsm_f5f0934560d424fc,math,0.18010248243808746
requested_s60,gsm_14f18adde06b86db,math,0.319678395986557
requested_s60,gsm_5fa53ffdec5c079d,math,0.27138790488243103
requested_s60,gsm_d56a1f53ee1f09d7,math,0.19519484043121338
requested_s60,gsm_67bcb24bdafdbdcb,math,0.20984457433223724
requested_s60,gsm_112b77693ec7b322,math,0.3318599760532379
requested_s60,gsm_25220bd74addeae5,math,0.2065727710723877
requested_s60,gsm_271359665273f05c,math,0.31491783261299133
requested_s60,gsm_3f65a3eb08873b5f,math,0.24984586238861084
requested_s60,gsm_bd77171ff4ed21c8,math,0.34840139746665955
requested_s60,gsm_1e6aa97157303da4,math,0.19334270060062408
requested_s60,gsm_a161e89e18303ebf,math,0.22126154601573944
requested_s60,gsm_9d497f81c6a58b35,math,0.17559678852558136
requested_s60,gsm_83e271dd0d25f360,math,0.14634890854358673
requested_s60,gsm_aace71f25886e6f6,math,0.24809034168720245
requested_s60,gsm_b3ee7c4ec73b99cb,math,0.26296889781951904
requested_s60,gsm_f5df0bf38204f5ad,math,0.2510519027709961
requested_s60,gsm_e4434bd35741fe39,math,0.2680654525756836
requested_s60,gsm_245333daa59e966a,math,0.23269806802272797
requested_s60,gsm_73f9579c4c824ec5,math,0.2888762056827545
requested_s60,gsm_b2443f263d2ddc30,math,0.17496009171009064
requested_s60,gsm_7ad37e7164a0a9da,math,0.23571763932704926
requested_s60,gsm_ed4cb4418932050a,math,0.15999503433704376
requested_s60,gsm_d30182578983680d,math,0.2621535658836365
requested_s60,gsm_4e9457649eaf6717,math,0.28312623500823975
requested_s60,gsm_f83638c747ef3479,math,0.23435929417610168
requested_s60,gsm_bc3aee8003dabf5b,math,0.2785751521587372
requested_s60,gsm_d78dd7418e60f804,math,0.22273969650268555
requested_s60,gsm_41a73a281cb285b4,math,0.20284251868724823
requested_s60,gsm_74b121cb68fbe399,math,0.20864582061767578
requested_s60,gsm_c88fb84bddd704d1,math,0.26404455304145813
requested_s60,gsm_3dc26cdf3d4c97ff,math,0.13068003952503204
requested_s60,gsm_7d6021f258c2bbe6,math,0.16857503354549408
requested_s60,gsm_ece3f99f16dc7059,math,0.22125373780727386
requested_s60,gsm_8a24bb682165f09b,math,0.21242983639240265
requested_s60,gsm_5b411e93c3d5101f,math,0.2137298583984375
requested_s60,gsm_5106cb114e87a477,math,0.28056541085243225
requested_s60,gsm_341ae29c61f99ba6,math,0.23093636333942413
requested_s60,gsm_91dd72c4f487819f,math,0.15511472523212433
requested_s60,gsm_89b197d566eeb88a,math,0.18424907326698303
requested_s60,gsm_c9804cd07e4b61b5,math,0.21697163581848145
requested_s60,gsm_3365430d729929ed,math,0.17080658674240112
requested_s60,gsm_2f0ab7e9cc672149,math,0.17407405376434326
requested_s60,gsm_5b05ef609031715a,math,0.22667399048805237
requested_s60,gsm_d2b6947d68b60611,math,0.1760781854391098
requested_s60,gsm_9e42ca71cf51f9d5,math,0.27449148893356323
requested_s60,gsm_0953c93b27a19f34,math,0.22153639793395996
requested_s60,gsm_74071327f93ef085,math,0.28637775778770447
requested_s60,gsm_3fadc21d156f7fa9,math,0.2592952251434326
requested_s60,gsm_6e21b7eb0ef92ab0,math,0.3339718282222748
requested_s60,gsm_2eef2844e294fdeb,math,0.23424319922924042
requested_s60,gsm_2b24fe3f2a6c1462,math,0.25818726420402527
requested_s60,gsm_d26b73b0a0ea97fe,math,0.2745412290096283
requested_s60,gsm_67b090934081c84c,math,0.31364303827285767
requested_s60,gsm_d9fedc485c6d329e,math,0.2174055576324463
requested_s60,gsm_404fe544d4a9a6d8,math,0.2545241713523865
requested_s60,gsm_a320010faee9c656,math,0.2301267385482788
requested_s60,gsm_05d7e11565627135,math,0.2575947344303131
requested_s60,gsm_3c8c7394137efdbd,math,0.22906902432441711
requested_s60,gsm_a7c83a5b26298683,math,0.2096056193113327
requested_s60,gsm_1ff6f7cb8864ac3d,math,0.2050689458847046
requested_s60,gsm_8850b00234635a9d,math,0.23366117477416992
requested_s60,gsm_8e58d3c44aa7ff33,math,0.2581574320793152
requested_s60,gsm_30cfe7712e410f1d,math,0.26161110401153564
requested_s60,gsm_a39cde53917afe3f,math,0.1461087465286255
requested_s60,gsm_65f63602e5bcc36b,math,0.26365169882774353
requested_s60,gsm_70fd027ff7397b46,math,0.1886293739080429
requested_s60,gsm_e91536db505dc19d,math,0.16611990332603455
requested_s60,gsm_23b001e6d1f43b7a,math,0.24217255413532257
requested_s60,gsm_510a1b892ed516a9,math,0.1671818643808365
requested_s60,gsm_3e57d82f27c24cef,math,0.19356249272823334
requested_s60,gsm_b259733db478725a,math,0.2877086102962494
requested_s60,gsm_72420d41411ac74e,math,0.4753156304359436
requested_s60,gsm_45b68e9a4a4b6f09,math,0.22441966831684113
requested_s60,gsm_40ba62d840c8a4cd,math,0.2722409665584564
requested_s60,gsm_4bd9127a877e963a,math,0.26654887199401855
requested_s60,gsm_b788a146e13c2d3b,math,0.19541035592556
requested_s60,gsm_53e9cf041f54bf9c,math,0.3188413679599762
requested_s60,gsm_701f3494e255e8d7,math,0.25527554750442505
requested_s60,gsm_8535ae0540a763f9,math,0.20967379212379456
requested_s60,gsm_d6a962e555a3b2d8,math,0.2145567387342453
requested_s60,gsm_c769ffcd998cdf4b,math,0.22049064934253693
requested_s60,gsm_1d711c0edab6cdf9,math,0.31294870376586914
requested_s60,gsm_7089a27d5be9d735,math,0.19990597665309906
requested_s60,gsm_8282c947ebdb72c4,math,0.34146907925605774
requested_s60,gsm_4d58e157821739ee,math,0.297498881816864
requested_s60,gsm_01895a7a6826a915,math,0.17705993354320526
requested_s60,gsm_4023e12520086b85,math,0.2747018337249756
requested_s60,gsm_9399899bcaabc8ed,math,0.20433786511421204
requested_s60,gsm_0feeb37eda9ea126,math,0.24029278755187988
requested_s60,gsm_f7161d26efd1d114,math,0.25875335931777954
requested_s60,gsm_c8eda87800e3e5ac,math,0.2582496702671051
requested_s60,gsm_6fd1be8949c1f6a2,math,0.28059741854667664
requested_s60,gsm_3eca6b76b1f1ad8a,math,0.20012597739696503
requested_s60,gsm_dc1958a43149115d,math,0.22910121083259583
requested_s60,gsm_e50f6822067b1757,math,0.20760150253772736
requested_s60,gsm_d91feeaec617d234,math,0.27598750591278076
requested_s60,gsm_eb4fafd06c693daa,math,0.2884569466114044
requested_s60,gsm_a43343572469f619,math,0.3225513994693756
requested_s60,gsm_d72f60c8ce1eca73,math,0.2171098291873932
requested_s60,gsm_6d19b90aa3615625,math,0.18223287165164948
requested_s60,gsm_3e64ac9bd7eee07f,math,0.2818652093410492
requested_s60,gsm_a3c3be84f9b93551,math,0.2882126271724701
requested_s60,gsm_a532ec5b80cebf47,math,0.2050338089466095
requested_s60,gsm_fc616873dce69386,math,0.23173761367797852
requested_s60,gsm_ddc532da449ad062,math,0.29443487524986267
requested_s60,gsm_d2909e3c70589dfc,math,0.20872719585895538
requested_s60,gsm_b11f569a3f129339,math,0.3315570056438446
requested_s60,gsm_537a8f3b08c5806a,math,0.3388502299785614
requested_s60,gsm_eb0c6dc7e6a52ee1,math,0.25813743472099304
requested_s60,gsm_58a2c89d3870d4f0,math,0.21307623386383057
requested_s60,gsm_5a2811bffcd84918,math,0.24039070308208466
requested_s60,gsm_cd25c907e3d1230d,math,0.1885894536972046
requested_s60,gsm_969ac66c0d3cb729,math,0.2525263726711273
requested_s60,gsm_085c07c991b7f6dc,math,0.23960936069488525
requested_s60,gsm_fc7237589092f3fc,math,0.22085173428058624
requested_s60,gsm_d0dcd7f288303715,math,0.1956120729446411
requested_s60,gsm_5c2413d4439e804f,math,0.408992201089859
requested_s60,gsm_39369532603a287f,math,0.18365739285945892
requested_s60,gsm_d4a51456b7945b99,math,0.1799173653125763
requested_s60,gsm_108787ae99efce11,math,0.25760507583618164
requested_s60,gsm_dcc87971f34d3210,math,0.160117045044899
requested_s60,gsm_5d50b87fd6fe5f3b,math,0.20920129120349884
requested_s60,gsm_e0b9d6d609fcd66c,math,0.31383639574050903
requested_s60,gsm_0953bab0d62fef54,math,0.31967535614967346
requested_s60,gsm_3b3648b5ef47ef61,math,0.29038694500923157
requested_s60,gsm_cb8099688088d7d1,math,0.21106894314289093
requested_s60,alpaca_1907,code,0.1499042510986328
requested_s60,alpaca_5350,code,0.17200130224227905
requested_s60,alpaca_5821,code,0.36401957273483276
requested_s60,alpaca_18823,code,0.2066207379102707
requested_s60,alpaca_10829,code,0.45916548371315
requested_s60,alpaca_2198,code,0.22576789557933807
requested_s60,alpaca_4240,code,0.36258694529533386
requested_s60,alpaca_2123,code,0.14971612393856049
requested_s60,alpaca_1018,code,0.26256242394447327
requested_s60,alpaca_17933,code,0.11396931856870651
requested_s60,alpaca_7780,code,0.35042569041252136
requested_s60,alpaca_18074,code,0.1821659654378891
requested_s60,alpaca_9791,code,0.33701324462890625
requested_s60,alpaca_10429,code,0.27635297179222107
requested_s60,alpaca_7994,code,0.14763207733631134
requested_s60,alpaca_8080,code,0.22116516530513763
requested_s60,alpaca_2376,code,0.2527775168418884
requested_s60,alpaca_17356,code,0.28185948729515076
requested_s60,alpaca_11441,code,0.0915919691324234
requested_s60,alpaca_14422,code,0.2706168591976166
requested_s60,alpaca_10924,code,0.12111379206180573
requested_s60,alpaca_14341,code,0.19742745161056519
requested_s60,alpaca_8972,code,0.18705686926841736
requested_s60,alpaca_12289,code,0.2329760640859604
requested_s60,alpaca_11567,code,0.3085103929042816
requested_s60,alpaca_1737,code,0.23906846344470978
requested_s60,alpaca_15065,code,0.4817532002925873
requested_s60,alpaca_19763,code,0.34194692969322205
requested_s60,alpaca_2984,code,0.17770729959011078
requested_s60,alpaca_16839,code,0.318244606256485
requested_s60,alpaca_9316,code,0.24537061154842377
requested_s60,alpaca_18481,code,0.3747788071632385
requested_s60,alpaca_17104,code,0.3103047013282776
requested_s60,alpaca_4742,code,0.5987505316734314
requested_s60,alpaca_19792,code,0.45806851983070374
requested_s60,alpaca_16576,code,0.24736371636390686
requested_s60,alpaca_11968,code,0.4109131395816803
requested_s60,alpaca_2279,code,0.1971329301595688
requested_s60,alpaca_15267,code,0.19423991441726685
requested_s60,alpaca_18655,code,0.17184562981128693
requested_s60,alpaca_13529,code,0.21793222427368164
requested_s60,alpaca_17634,code,0.3311871290206909
requested_s60,alpaca_15154,code,0.46496400237083435
requested_s60,alpaca_16821,code,0.15585863590240479
requested_s60,alpaca_5963,code,0.13595126569271088
requested_s60,alpaca_7258,code,0.4024963974952698
requested_s60,alpaca_3247,code,0.22904837131500244
requested_s60,alpaca_5316,code,0.1855163276195526
requested_s60,alpaca_771,code,0.16286717355251312
requested_s60,alpaca_3363,code,0.2525568902492523
requested_s60,alpaca_7290,code,0.12208809703588486
requested_s60,alpaca_19436,code,0.26156774163246155
requested_s60,alpaca_15918,code,0.12769274413585663
requested_s60,alpaca_6009,code,0.38010644912719727
requested_s60,alpaca_12783,code,0.489295095205307
requested_s60,alpaca_7546,code,0.1798063963651657
requested_s60,alpaca_17186,code,0.23973579704761505
requested_s60,alpaca_3264,code,0.3145575225353241
requested_s60,alpaca_19943,code,0.26821285486221313
requested_s60,alpaca_2552,code,0.1302410364151001
requested_s60,alpaca_17699,code,0.2208176702260971
requested_s60,alpaca_16118,code,0.18151581287384033
requested_s60,alpaca_904,code,0.126243457198143
requested_s60,alpaca_19582,code,0.2558923661708832
requested_s60,alpaca_16569,code,0.2223370373249054
requested_s60,alpaca_3245,code,0.3984142243862152
requested_s60,alpaca_18459,code,0.3295510709285736
requested_s60,alpaca_11231,code,0.2553943693637848
requested_s60,alpaca_4719,code,0.19953718781471252
requested_s60,alpaca_13692,code,0.4702463746070862
requested_s60,alpaca_2545,code,0.286700040102005
requested_s60,alpaca_88,code,0.2719786763191223
requested_s60,alpaca_10008,code,0.3542101979255676
requested_s60,alpaca_11715,code,0.15330205857753754
requested_s60,alpaca_286,code,0.3085043728351593
requested_s60,alpaca_17726,code,0.3105938136577606
requested_s60,alpaca_8241,code,0.265299528837204
requested_s60,alpaca_15462,code,0.3722299039363861
requested_s60,alpaca_8351,code,0.14899113774299622
requested_s60,alpaca_9955,code,0.2694944739341736
requested_s60,alpaca_19818,code,0.2531525790691376
requested_s60,alpaca_462,code,0.3389892578125
requested_s60,alpaca_16798,code,0.39674055576324463
requested_s60,alpaca_3049,code,0.2292877584695816
requested_s60,alpaca_19325,code,0.233525350689888
requested_s60,alpaca_7324,code,0.23590195178985596
requested_s60,alpaca_8035,code,0.19517545402050018
requested_s60,alpaca_690,code,0.14272014796733856
requested_s60,alpaca_1597,code,0.1709984391927719
requested_s60,alpaca_1410,code,0.21807141602039337
requested_s60,alpaca_16876,code,0.17442496120929718
requested_s60,alpaca_8784,code,0.1378740519285202
requested_s60,alpaca_16439,code,0.18502864241600037
requested_s60,alpaca_15940,code,0.5450695157051086
requested_s60,alpaca_15594,code,0.2548428773880005
requested_s60,alpaca_17224,code,0.22442321479320526
requested_s60,alpaca_6324,code,0.1517665833234787
requested_s60,alpaca_7053,code,0.1523355096578598
requested_s60,alpaca_9134,code,0.14420177042484283
requested_s60,alpaca_5994,code,0.13023357093334198
requested_s60,alpaca_10915,code,0.20062223076820374
requested_s60,alpaca_9174,code,0.20822635293006897
requested_s60,alpaca_10536,code,0.2548716962337494
requested_s60,alpaca_10136,code,0.3198641240596771
requested_s60,alpaca_5842,code,0.11760114133358002
requested_s60,alpaca_10727,code,0.26603642106056213
requested_s60,alpaca_12154,code,0.1557748168706894
requested_s60,alpaca_2306,code,0.14887794852256775
requested_s60,alpaca_18933,code,0.1992540955543518
requested_s60,alpaca_13481,code,0.4165501594543457
requested_s60,alpaca_584,code,0.17229270935058594
requested_s60,alpaca_11261,code,0.3124619722366333
requested_s60,alpaca_4696,code,0.3021353781223297
requested_s60,alpaca_11901,code,0.2238202542066574
requested_s60,alpaca_5279,code,0.17630156874656677
requested_s60,alpaca_11923,code,0.2946285307407379
requested_s60,alpaca_4490,code,0.17532922327518463
requested_s60,alpaca_2783,code,0.35454049706459045
requested_s60,alpaca_6263,code,0.17969483137130737
requested_s60,alpaca_1123,code,0.13754411041736603
requested_s60,alpaca_13116,code,0.21485424041748047
requested_s60,alpaca_2453,code,0.3811630606651306
requested_s60,alpaca_18327,code,0.3768211305141449
requested_s60,alpaca_6595,code,0.15619365870952606
requested_s60,alpaca_2358,code,0.18813388049602509
requested_s60,alpaca_3568,code,0.2824920117855072
requested_s60,alpaca_1658,code,0.2489001601934433
requested_s60,alpaca_10043,code,0.1960570514202118
requested_s60,alpaca_19911,code,0.3586084544658661
requested_s60,alpaca_16423,code,0.42007073760032654
requested_s60,alpaca_1782,code,0.12457327544689178
requested_s60,alpaca_15896,code,0.15956012904644012
requested_s60,alpaca_15764,code,0.344486802816391
requested_s60,alpaca_10621,code,0.3668452799320221
requested_s60,alpaca_5734,code,0.26261240243911743
requested_s60,alpaca_19315,code,0.35207051038742065
requested_s60,alpaca_10139,code,0.16847936809062958
requested_s60,alpaca_9606,code,0.19301959872245789
requested_s60,alpaca_1187,code,0.31388795375823975
requested_s60,alpaca_7878,code,0.114659883081913
requested_s60,alpaca_16104,code,0.15816017985343933
requested_s60,alpaca_7525,code,0.35007333755493164
requested_s60,alpaca_1402,code,0.31384143233299255
requested_s60,alpaca_14254,code,0.3723333775997162
requested_s60,alpaca_12158,code,0.1410316824913025
requested_s60,alpaca_910,code,0.2213480919599533
requested_s60,alpaca_13477,code,0.23181696236133575
requested_s60,alpaca_9497,code,0.2990346848964691
requested_s60,alpaca_7553,code,0.16327059268951416
requested_s60,alpaca_11737,code,0.41867026686668396
requested_s60,alpaca_15064,code,0.36150822043418884
requested_s60,alpaca_17606,code,0.26576563715934753
requested_s60,alpaca_19523,code,0.10951084643602371
requested_s60,alpaca_5715,code,0.17121072113513947
requested_s60,alpaca_18071,code,0.2318876087665558
requested_s60,alpaca_7948,code,0.20065435767173767
requested_s60,alpaca_9186,code,0.11938504129648209
requested_s60,alpaca_12285,code,0.15366685390472412
requested_s60,alpaca_16119,code,0.22781339287757874
requested_s60,alpaca_13161,code,0.10814820230007172
requested_s60,alpaca_11244,code,0.1564776748418808
requested_s60,alpaca_3029,code,0.2789185047149658
requested_s60,alpaca_9051,code,0.2715180218219757
requested_s60,alpaca_12160,code,0.13498660922050476
requested_s60,alpaca_15307,code,0.3660028874874115
requested_s60,alpaca_7754,code,0.2760256826877594
requested_s60,alpaca_7045,code,0.158295139670372
requested_s60,alpaca_8688,code,0.2955563962459564
requested_s60,alpaca_14375,code,0.15021060407161713
requested_s60,alpaca_7246,code,0.11705365031957626
requested_s60,alpaca_8974,code,0.17226359248161316
requested_s60,alpaca_5664,code,0.31887346506118774
requested_s60,alpaca_5427,code,0.15482018887996674
requested_s60,alpaca_11721,code,0.2337363213300705
requested_s60,alpaca_9934,code,0.12066371738910675
requested_s60,alpaca_6935,code,0.10913672298192978
requested_s60,alpaca_16965,code,0.392104834318161
requested_s60,alpaca_18827,code,0.615121603012085
requested_s60,alpaca_438,code,0.1324729174375534
requested_s60,alpaca_9299,code,0.1411811262369156
requested_s60,alpaca_19317,code,0.35414746403694153
requested_s60,alpaca_19376,code,0.21978917717933655
requested_s60,alpaca_5666,code,0.14608946442604065
requested_s60,alpaca_9054,code,0.17733915150165558
requested_s60,alpaca_19335,code,0.3900798261165619
requested_s60,alpaca_16990,code,0.32902804017066956
requested_s60,alpaca_8163,code,0.15804210305213928
requested_s60,alpaca_991,code,0.08557306975126266
requested_s60,alpaca_15676,code,0.24909940361976624
requested_s60,alpaca_1893,code,0.22819650173187256
requested_s60,alpaca_10000,code,0.1871405392885208
requested_s60,alpaca_8157,code,0.32763469219207764
requested_s60,alpaca_1692,code,0.3031470477581024
requested_s60,alpaca_14609,code,0.396643728017807
requested_s60,alpaca_12656,code,0.20523153245449066
requested_s60,alpaca_17895,code,0.29744061827659607
requested_s60,alpaca_2005,code,0.20089463889598846
requested_s60,alpaca_17892,code,0.26993435621261597
requested_s60,alpaca_4465,code,0.4278852045536041
requested_s60,alpaca_5552,code,0.1699644774198532
requested_s60,alpaca_11748,code,0.15821072459220886
requested_s60,alpaca_13679,code,0.26277631521224976
requested_s60,alpaca_15496,code,0.5771518349647522
requested_s60,alpaca_9601,code,0.39509454369544983
requested_s60,alpaca_14860,code,0.2077270746231079
requested_s60,alpaca_7399,code,0.30809587240219116
requested_s60,alpaca_4682,code,0.17258229851722717
requested_s60,alpaca_10889,code,0.16347049176692963
requested_s60,alpaca_3629,code,0.16581574082374573
requested_s60,alpaca_10984,code,0.341414213180542
requested_s60,alpaca_18025,code,0.31678149104118347
requested_s60,alpaca_10886,code,0.4557642638683319
requested_s60,alpaca_10771,code,0.08542915433645248
requested_s60,alpaca_9781,code,0.4522663652896881
requested_s60,alpaca_1011,code,0.2172234058380127
requested_s60,alpaca_17139,code,0.19092147052288055
requested_s60,alpaca_17066,code,0.1420319378376007
requested_s60,alpaca_2530,code,0.3158850371837616
requested_s60,alpaca_158,code,0.25907018780708313
requested_s60,alpaca_422,code,0.0826587900519371
requested_s60,alpaca_103,code,0.3127113878726959
requested_s60,alpaca_1891,code,0.13221478462219238
requested_s60,alpaca_17797,code,0.3508863151073456
requested_s60,alpaca_7657,code,0.43941065669059753
requested_s60,alpaca_14675,code,0.2427988499403
requested_s60,control_346,control,0.5599872469902039
requested_s60,control_316,control,0.509835958480835
requested_s60,control_376,control,0.4369879364967346
requested_s60,control_396,control,0.5131200551986694
requested_s60,control_16,control,0.5599872469902039
requested_s60,control_246,control,0.5252726078033447
requested_s60,control_96,control,0.5599872469902039
requested_s60,control_496,control,0.4102841913700104
requested_s60,control_276,control,0.509835958480835
requested_s60,control_146,control,0.4369879364967346
requested_s60,control_186,control,0.4972319006919861
requested_s60,control_76,control,0.4972319006919861
requested_s60,control_466,control,0.5469989776611328
requested_s60,control_426,control,0.5131200551986694
requested_s60,control_206,control,0.5469989776611328
requested_s60,control_56,control,0.509835958480835
requested_s60,control_456,control,0.509835958480835
requested_s60,control_386,control,0.5639263391494751
requested_s60,control_176,control,0.5599872469902039
requested_s60,control_126,control,0.5252726078033447
requested_s60,control_416,control,0.5655668377876282
requested_s60,control_476,control,0.4972319006919861
requested_s60,control_356,control,0.5469989776611328
requested_s60,control_326,control,0.4972319006919861
requested_s60,control_256,control,0.5639263391494751
requested_s60,control_196,control,0.5252726078033447
requested_s60,control_366,control,0.4369879364967346
requested_s60,control_6,control,0.4369879364967346
requested_s60,control_486,control,0.5131200551986694
requested_s60,control_336,control,0.509835958480835
requested_s60,control_36,control,0.5469989776611328
requested_s60,control_436,control,0.5655668377876282
requested_s60,control_116,control,0.5131200551986694
requested_s60,control_66,control,0.5131200551986694
requested_s60,control_86,control,0.5131200551986694
requested_s60,control_216,control,0.5639263391494751
requested_s60,control_26,control,0.5639263391494751
requested_s60,control_286,control,0.5655668377876282
requested_s60,control_136,control,0.4972319006919861
requested_s60,control_296,control,0.5599872469902039
requested_s60,control_266,control,0.5469989776611328
requested_s60,control_166,control,0.5655668377876282
requested_s60,control_306,control,0.509835958480835
requested_s60,control_446,control,0.5655668377876282
requested_s60,control_46,control,0.4102841913700104
requested_s60,control_236,control,0.4972319006919861
requested_s60,control_226,control,0.5131200551986694
requested_s60,control_406,control,0.4972319006919861
requested_s60,control_106,control,0.5639263391494751
requested_s60,control_156,control,0.4102841913700104
requested_s61,gsm_c62453c17c2ef0b4,math,0.15884500741958618
requested_s61,gsm_72c5002d237f65df,math,0.2041529417037964
requested_s61,gsm_747a57ec661ec040,math,0.13482366502285004
requested_s61,gsm_3af6d6e01edb6c0f,math,0.133193239569664
requested_s61,gsm_8810fc61726994ce,math,0.1872285157442093
requested_s61,gsm_ca10fdf80b6e3897,math,0.15183351933956146
requested_s61,gsm_0c494b9c92950e4d,math,0.1655167043209076
requested_s61,gsm_8beb578650d05ba1,math,0.13560990989208221
requested_s61,gsm_576d7627007443ad,math,0.18841730058193207
requested_s61,gsm_a70ca700d390e226,math,0.18859826028347015
requested_s61,gsm_35dea7b633732e14,math,0.1453489363193512
requested_s61,gsm_f7fdf9a6b43b6e48,math,0.16275571286678314
requested_s61,gsm_35d41089a18507bd,math,0.15390180051326752
requested_s61,gsm_3d49a187f61986a4,math,0.22142727673053741
requested_s61,gsm_926574ced1f06ca1,math,0.1644042581319809
requested_s61,gsm_0adcc3517ca243d4,math,0.1368030309677124
requested_s61,gsm_f6bcf679f3018443,math,0.24386624991893768
requested_s61,gsm_c0df1383f9690298,math,0.15644927322864532
requested_s61,gsm_5df0064b9ba0dca7,math,0.1855754554271698
requested_s61,gsm_1772c64c068c1a89,math,0.1578565388917923
requested_s61,gsm_0266ed8a4e87d5e4,math,0.17548178136348724
requested_s61,gsm_f42de69d24ee2e5e,math,0.17881357669830322
requested_s61,gsm_c5226559b9b37285,math,0.20235466957092285
requested_s61,gsm_51146726b2082770,math,0.18142683804035187
requested_s61,gsm_e7ed710388226bf7,math,0.14963717758655548
requested_s61,gsm_391986fc8c46e416,math,0.1843511164188385
requested_s61,gsm_4560b2d047fc6f74,math,0.14532004296779633
requested_s61,gsm_c796f4b7c9a9d5de,math,0.19061246514320374
requested_s61,gsm_d538ffc1fe2fb8cc,math,0.2122272551059723
requested_s61,gsm_f66a49e3f1b08991,math,0.22294865548610687
requested_s61,gsm_d6e827a0c2ff1749,math,0.13332724571228027
requested_s61,gsm_895ed20aaf264edb,math,0.13481050729751587
requested_s61,gsm_71914cf214d7343c,math,0.1812063306570053
requested_s61,gsm_475ce948a8101cc2,math,0.20251066982746124
requested_s61,gsm_89994875b3813c91,math,0.19240157306194305
requested_s61,gsm_dae9ddc3f7ff4235,math,0.14785942435264587
requested_s61,gsm_539a3c98b25411c7,math,0.134658545255661
requested_s61,gsm_3b6abf5a7c8fcf58,math,0.16959302127361298
requested_s61,gsm_fbe04f5794f6448e,math,0.2296394407749176
requested_s61,gsm_1e642011c4e48c79,math,0.14432941377162933
requested_s61,gsm_8fe862a4d01c9679,math,0.1914769411087036
requested_s61,gsm_4b75ebba37bfe632,math,0.17244036495685577
requested_s61,gsm_ba4333cfc64a1669,math,0.14276786148548126
requested_s61,gsm_1d1018dd20fb5560,math,0.17253443598747253
requested_s61,gsm_75aca026bf532f3c,math,0.1902531534433365
requested_s61,gsm_cdbb54ec3758d7d8,math,0.21422909200191498
requested_s61,gsm_ce2ff2b11ba3e607,math,0.28814199566841125
requested_s61,gsm_7f66fc2dcff04dd2,math,0.23045937716960907
requested_s61,gsm_0a70a72afbb52f1e,math,0.1845422238111496
requested_s61,gsm_09c017405e7219b6,math,0.14222852885723114
requested_s61,gsm_4660b826ff99d586,math,0.17132490873336792
requested_s61,gsm_11d5212b26f5632d,math,0.19137929379940033
requested_s61,gsm_85cedd141b4f41b9,math,0.14799652993679047
requested_s61,gsm_aa2cbf235d77a438,math,0.1456712931394577
requested_s61,gsm_f8aee604feedfb99,math,0.15512767434120178
requested_s61,gsm_32c19654eb81db68,math,0.2176123410463333
requested_s61,gsm_957cc8747eb0728e,math,0.14458437263965607
requested_s61,gsm_0b698bdad67456bd,math,0.11896570771932602
requested_s61,gsm_f7e8dfb7ae44396b,math,0.14208365976810455
requested_s61,gsm_af7261d88886c1fc,math,0.14429600536823273
requested_s61,gsm_5c4d0d4793b59d07,math,0.16363470256328583
requested_s61,gsm_6d7de09362f953ba,math,0.1652449667453766
requested_s61,gsm_b9c6a1cd659ba546,math,0.23286116123199463
requested_s61,gsm_2111c467908cca23,math,0.1318260282278061
requested_s61,gsm_ddd13d79f4477241,math,0.18905077874660492
requested_s61,gsm_a0c4c12f79fdd38d,math,0.16876623034477234
requested_s61,gsm_d2c08ce186a30e2b,math,0.22668759524822235
requested_s61,gsm_a30b357702ab8e4c,math,0.2876666784286499
requested_s61,gsm_b98d2be3577a7eaf,math,0.1509583592414856
requested_s61,gsm_9311e9bf010feb22,math,0.12336056679487228
requested_s61,gsm_95e14342abcfb01e,math,0.1876564472913742
requested_s61,gsm_b2ec0e764ab294a3,math,0.1303391009569168
requested_s61,gsm_965e776cdf11a536,math,0.21688120067119598
requested_s61,gsm_1e7242ba8f738ab4,math,0.2024141103029251
requested_s61,gsm_0c6a487bbbdeaa80,math,0.15061654150485992
requested_s61,gsm_5c26b1813945bef3,math,0.18287895619869232
requested_s61,gsm_83003a10dd7e5ff9,math,0.16155491769313812
requested_s61,gsm_9f67d4454c2e2a82,math,0.10900542885065079
requested_s61,gsm_85cd8b011a144050,math,0.2082103043794632
requested_s61,gsm_657b7bbde3a1f1f2,math,0.16447483003139496
requested_s61,gsm_f5b2d44acea45642,math,0.21501080691814423
requested_s61,gsm_d55348837d9b13a8,math,0.19297656416893005
requested_s61,gsm_eb3e1be02e123fd4,math,0.17004120349884033
requested_s61,gsm_cdf0c44eafa372e9,math,0.19016574323177338
requested_s61,gsm_a67ff092bb2c7b6c,math,0.22289977967739105
requested_s61,gsm_7f9a1b56544a8b00,math,0.19445942342281342
requested_s61,gsm_264f5e7fa441a8d7,math,0.16530613601207733
requested_s61,gsm_85d09e4c97145c03,math,0.12841059267520905
requested_s61,gsm_b7be65ee1d99d929,math,0.2818562090396881
requested_s61,gsm_f17421d70fa50272,math,0.14540551602840424
requested_s61,gsm_ee4f12ab0528f1ac,math,0.1396593600511551
requested_s61,gsm_08f358371771e634,math,0.29371389746665955
requested_s61,gsm_3b27306d470e78c2,math,0.19136075675487518
requested_s61,gsm_f5b78d5c80a69f79,math,0.18269464373588562
requested_s61,gsm_5eb4603c69e46f40,math,0.1431373506784439
requested_s61,gsm_27981502e3654775,math,0.19114218652248383
requested_s61,gsm_92deb4d5b2108972,math,0.21455581486225128
requested_s61,gsm_7cd2e87d30d3e3d8,math,0.1728498935699463
requested_s61,gsm_f5f0934560d424fc,math,0.13199345767498016
requested_s61,gsm_14f18adde06b86db,math,0.24265728890895844
requested_s61,gsm_5fa53ffdec5c079d,math,0.20431385934352875
requested_s61,gsm_d56a1f53ee1f09d7,math,0.15349812805652618
requested_s61,gsm_67bcb24bdafdbdcb,math,0.14695420861244202
requested_s61,gsm_112b77693ec7b322,math,0.25696200132369995
requested_s61,gsm_25220bd74addeae5,math,0.15812097489833832
requested_s61,gsm_271359665273f05c,math,0.2552218437194824
requested_s61,gsm_3f65a3eb08873b5f,math,0.19835007190704346
requested_s61,gsm_bd77171ff4ed21c8,math,0.26357460021972656
requested_s61,gsm_1e6aa97157303da4,math,0.14657333493232727
requested_s61,gsm_a161e89e18303ebf,math,0.16956456005573273
requested_s61,gsm_9d497f81c6a58b35,math,0.13038858771324158
requested_s61,gsm_83e271dd0d25f360,math,0.1043822318315506
requested_s61,gsm_aace71f25886e6f6,math,0.16715306043624878
requested_s61,gsm_b3ee7c4ec73b99cb,math,0.1956067830324173
requested_s61,gsm_f5df0bf38204f5ad,math,0.19435405731201172
requested_s61,gsm_e4434bd35741fe39,math,0.196371391415596
requested_s61,gsm_245333daa59e966a,math,0.17205584049224854
requested_s61,gsm_73f9579c4c824ec5,math,0.2165517657995224
requested_s61,gsm_b2443f263d2ddc30,math,0.13388466835021973
requested_s61,gsm_7ad37e7164a0a9da,math,0.17706020176410675
requested_s61,gsm_ed4cb4418932050a,math,0.12630809843540192
requested_s61,gsm_d30182578983680d,math,0.19538290798664093
requested_s61,gsm_4e9457649eaf6717,math,0.21859999001026154
requested_s61,gsm_f83638c747ef3479,math,0.16145525872707367
requested_s61,gsm_bc3aee8003dabf5b,math,0.19516311585903168
requested_s61,gsm_d78dd7418e60f804,math,0.1705845296382904
requested_s61,gsm_41a73a281cb285b4,math,0.15912917256355286
requested_s61,gsm_74b121cb68fbe399,math,0.1480962485074997
requested_s61,gsm_c88fb84bddd704d1,math,0.1985905021429062
requested_s61,gsm_3dc26cdf3d4c97ff,math,0.09941007941961288
requested_s61,gsm_7d6021f258c2bbe6,math,0.13570912182331085
requested_s61,gsm_ece3f99f16dc7059,math,0.18046505749225616
requested_s61,gsm_8a24bb682165f09b,math,0.15985286235809326
requested_s61,gsm_5b411e93c3d5101f,math,0.15351910889148712
requested_s61,gsm_5106cb114e87a477,math,0.2124858945608139
requested_s61,gsm_341ae29c61f99ba6,math,0.17337976396083832
requested_s61,gsm_91dd72c4f487819f,math,0.12043680995702744
requested_s61,gsm_89b197d566eeb88a,math,0.14466075599193573
requested_s61,gsm_c9804cd07e4b61b5,math,0.1595669984817505
requested_s61,gsm_3365430d729929ed,math,0.1340591013431549
requested_s61,gsm_2f0ab7e9cc672149,math,0.13097858428955078
requested_s61,gsm_5b05ef609031715a,math,0.1795804351568222
requested_s61,gsm_d2b6947d68b60611,math,0.12748894095420837
requested_s61,gsm_9e42ca71cf51f9d5,math,0.20902013778686523
requested_s61,gsm_0953c93b27a19f34,math,0.172355055809021
requested_s61,gsm_74071327f93ef085,math,0.20557034015655518
requested_s61,gsm_3fadc21d156f7fa9,math,0.18841767311096191
requested_s61,gsm_6e21b7eb0ef92ab0,math,0.25429749488830566
requested_s61,gsm_2eef2844e294fdeb,math,0.16932861506938934
requested_s61,gsm_2b24fe3f2a6c1462,math,0.19204942882061005
requested_s61,gsm_d26b73b0a0ea97fe,math,0.21255579590797424
requested_s61,gsm_67b090934081c84c,math,0.2541015148162842
requested_s61,gsm_d9fedc485c6d329e,math,0.165415957570076
requested_s61,gsm_404fe544d4a9a6d8,math,0.19322200119495392
requested_s61,gsm_a320010faee9c656,math,0.17224638164043427
requested_s61,gsm_05d7e11565627135,math,0.183017760515213
requested_s61,gsm_3c8c7394137efdbd,math,0.18821999430656433
requested_s61,gsm_a7c83a5b26298683,math,0.16354309022426605
requested_s61,gsm_1ff6f7cb8864ac3d,math,0.16094940900802612
requested_s61,gsm_8850b00234635a9d,math,0.1822851002216339
requested_s61,gsm_8e58d3c44aa7ff33,math,0.18971481919288635
requested_s61,gsm_30cfe7712e410f1d,math,0.194442480802536
requested_s61,gsm_a39cde53917afe3f,math,0.11283011734485626
requested_s61,gsm_65f63602e5bcc36b,math,0.19313178956508636
requested_s61,gsm_70fd027ff7397b46,math,0.1427619755268097
requested_s61,gsm_e91536db505dc19d,math,0.12129504978656769
requested_s61,gsm_23b001e6d1f43b7a,math,0.18406938016414642
requested_s61,gsm_510a1b892ed516a9,math,0.12593039870262146
requested_s61,gsm_3e57d82f27c24cef,math,0.14943018555641174
requested_s61,gsm_b259733db478725a,math,0.22073307633399963
requested_s61,gsm_72420d41411ac74e,math,0.36269670724868774
requested_s61,gsm_45b68e9a4a4b6f09,math,0.16194897890090942
requested_s61,gsm_40ba62d840c8a4cd,math,0.2200676053762436
requested_s61,gsm_4bd9127a877e963a,math,0.216758593916893
requested_s61,gsm_b788a146e13c2d3b,math,0.15643706917762756
requested_s61,gsm_53e9cf041f54bf9c,math,0.25641199946403503
requested_s61,gsm_701f3494e255e8d7,math,0.17670133709907532
requested_s61,gsm_8535ae0540a763f9,math,0.1638876497745514
requested_s61,gsm_d6a962e555a3b2d8,math,0.17795374989509583
requested_s61,gsm_c769ffcd998cdf4b,math,0.1703118085861206
requested_s61,gsm_1d711c0edab6cdf9,math,0.23711569607257843
requested_s61,gsm_7089a27d5be9d735,math,0.1554521769285202
requested_s61,gsm_8282c947ebdb72c4,math,0.2440793514251709
requested_s61,gsm_4d58e157821739ee,math,0.19479352235794067
requested_s61,gsm_01895a7a6826a915,math,0.1363867074251175
requested_s61,gsm_4023e12520086b85,math,0.2227969616651535
requested_s61,gsm_9399899bcaabc8ed,math,0.14427512884140015
requested_s61,gsm_0feeb37eda9ea126,math,0.17820291221141815
requested_s61,gsm_f7161d26efd1d114,math,0.20601902902126312
requested_s61,gsm_c8eda87800e3e5ac,math,0.2013256549835205
requested_s61,gsm_6fd1be8949c1f6a2,math,0.20933948457241058
requested_s61,gsm_3eca6b76b1f1ad8a,math,0.1532604694366455
requested_s61,gsm_dc1958a43149115d,math,0.13108663260936737
requested_s61,gsm_e50f6822067b1757,math,0.1544918566942215
requested_s61,gsm_d91feeaec617d234,math,0.2212330400943756
requested_s61,gsm_eb4fafd06c693daa,math,0.22400133311748505
requested_s61,gsm_a43343572469f619,math,0.23195813596248627
requested_s61,gsm_d72f60c8ce1eca73,math,0.15888820588588715
requested_s61,gsm_6d19b90aa3615625,math,0.13216586410999298
requested_s61,gsm_3e64ac9bd7eee07f,math,0.2175038903951645
requested_s61,gsm_a3c3be84f9b93551,math,0.21046049892902374
requested_s61,gsm_a532ec5b80cebf47,math,0.14840923249721527
requested_s61,gsm_fc616873dce69386,math,0.1712767779827118
requested_s61,gsm_ddc532da449ad062,math,0.23093271255493164
requested_s61,gsm_d2909e3c70589dfc,math,0.16087375581264496
requested_s61,gsm_b11f569a3f129339,math,0.2070082277059555
requested_s61,gsm_537a8f3b08c5806a,math,0.25853779911994934
requested_s61,gsm_eb0c6dc7e6a52ee1,math,0.1823459416627884
requested_s61,gsm_58a2c89d3870d4f0,math,0.16243256628513336
requested_s61,gsm_5a2811bffcd84918,math,0.18047110736370087
requested_s61,gsm_cd25c907e3d1230d,math,0.14917294681072235
requested_s61,gsm_969ac66c0d3cb729,math,0.20910747349262238
requested_s61,gsm_085c07c991b7f6dc,math,0.17262083292007446
requested_s61,gsm_fc7237589092f3fc,math,0.16380301117897034
requested_s61,gsm_d0dcd7f288303715,math,0.14435698091983795
requested_s61,gsm_5c2413d4439e804f,math,0.33454805612564087
requested_s61,gsm_39369532603a287f,math,0.13833391666412354
requested_s61,gsm_d4a51456b7945b99,math,0.1377619355916977
requested_s61,gsm_108787ae99efce11,math,0.19594505429267883
requested_s61,gsm_dcc87971f34d3210,math,0.12068676203489304
requested_s61,gsm_5d50b87fd6fe5f3b,math,0.15414713323116302
requested_s61,gsm_e0b9d6d609fcd66c,math,0.23204877972602844
requested_s61,gsm_0953bab0d62fef54,math,0.21744008362293243
requested_s61,gsm_3b3648b5ef47ef61,math,0.23128171265125275
requested_s61,gsm_cb8099688088d7d1,math,0.16411495208740234
requested_s61,alpaca_1907,code,0.10833311080932617
requested_s61,alpaca_5350,code,0.1470305621623993
requested_s61,alpaca_5821,code,0.2750791609287262
requested_s61,alpaca_18823,code,0.15757127106189728
requested_s61,alpaca_10829,code,0.37691980600357056
requested_s61,alpaca_2198,code,0.1784811168909073
requested_s61,alpaca_4240,code,0.28783780336380005
requested_s61,alpaca_2123,code,0.11622631549835205
requested_s61,alpaca_1018,code,0.20879404246807098
requested_s61,alpaca_17933,code,0.09275639057159424
requested_s61,alpaca_7780,code,0.28381186723709106
requested_s61,alpaca_18074,code,0.11991623789072037
requested_s61,alpaca_9791,code,0.27114230394363403
requested_s61,alpaca_10429,code,0.19393706321716309
requested_s61,alpaca_7994,code,0.10587821155786514
requested_s61,alpaca_8080,code,0.17581807076931
requested_s61,alpaca_2376,code,0.21159055829048157
requested_s61,alpaca_17356,code,0.2265430986881256
requested_s61,alpaca_11441,code,0.07512388378381729
requested_s61,alpaca_14422,code,0.22967159748077393
requested_s61,alpaca_10924,code,0.0978417918086052
requested_s61,alpaca_14341,code,0.16746284067630768
requested_s61,alpaca_8972,code,0.1513923704624176
requested_s61,alpaca_12289,code,0.18580316007137299
requested_s61,alpaca_11567,code,0.24444091320037842
requested_s61,alpaca_1737,code,0.19183120131492615
requested_s61,alpaca_15065,code,0.3881397247314453
requested_s61,alpaca_19763,code,0.27323850989341736
requested_s61,alpaca_2984,code,0.14681032299995422
requested_s61,alpaca_16839,code,0.2579040229320526
requested_s61,alpaca_9316,code,0.19333545863628387
requested_s61,alpaca_18481,code,0.28599271178245544
requested_s61,alpaca_17104,code,0.2512955963611603
requested_s61,alpaca_4742,code,0.450233519077301
requested_s61,alpaca_19792,code,0.34978899359703064
requested_s61,alpaca_16576,code,0.19216524064540863
requested_s61,alpaca_11968,code,0.3181459903717041
requested_s61,alpaca_2279,code,0.1552467942237854
requested_s61,alpaca_15267,code,0.15374036133289337
requested_s61,alpaca_18655,code,0.13229413330554962
requested_s61,alpaca_13529,code,0.16347317397594452
requested_s61,alpaca_17634,code,0.2806018590927124
requested_s61,alpaca_15154,code,0.37789610028266907
requested_s61,alpaca_16821,code,0.11796855926513672
requested_s61,alpaca_5963,code,0.11207673698663712
requested_s61,alpaca_7258,code,0.3154919445514679
requested_s61,alpaca_3247,code,0.17727775871753693
requested_s61,alpaca_5316,code,0.14848212897777557
requested_s61,alpaca_771,code,0.1367577761411667
requested_s61,alpaca_3363,code,0.19975855946540833
requested_s61,alpaca_7290,code,0.09451734274625778
requested_s61,alpaca_19436,code,0.22302763164043427
requested_s61,alpaca_15918,code,0.10215850919485092
requested_s61,alpaca_6009,code,0.3113948404788971
requested_s61,alpaca_12783,code,0.3809240460395813
requested_s61,alpaca_7546,code,0.14436575770378113
requested_s61,alpaca_17186,code,0.19324438273906708
requested_s61,alpaca_3264,code,0.27018433809280396
requested_s61,alpaca_19943,code,0.2029404491186142
requested_s61,alpaca_2552,code,0.09996026009321213
requested_s61,alpaca_17699,code,0.18244288861751556
requested_s61,alpaca_16118,code,0.136055126786232
requested_s61,alpaca_904,code,0.09653134644031525
requested_s61,alpaca_19582,code,0.19731417298316956
requested_s61,alpaca_16569,code,0.17653657495975494
requested_s61,alpaca_3245,code,0.2712399661540985
requested_s61,alpaca_18459,code,0.2596395015716553
requested_s61,alpaca_11231,code,0.1367368996143341
requested_s61,alpaca_4719,code,0.1687309741973877
requested_s61,alpaca_13692,code,0.3803417384624481
requested_s61,alpaca_2545,code,0.20610077679157257
requested_s61,alpaca_88,code,0.21952283382415771
requested_s61,alpaca_10008,code,0.2631675601005554
requested_s61,alpaca_11715,code,0.1266552209854126
requested_s61,alpaca_286,code,0.24387899041175842
requested_s61,alpaca_17726,code,0.24738310277462006
requested_s61,alpaca_8241,code,0.21172454953193665
requested_s61,alpaca_15462,code,0.2662152647972107
requested_s61,alpaca_8351,code,0.11732590198516846
requested_s61,alpaca_9955,code,0.2177477926015854
requested_s61,alpaca_19818,code,0.19513320922851562
requested_s61,alpaca_462,code,0.26407384872436523
requested_s61,alpaca_16798,code,0.3074969947338104
requested_s61,alpaca_3049,code,0.1662895530462265
requested_s61,alpaca_19325,code,0.17527303099632263
requested_s61,alpaca_7324,code,0.18344663083553314
requested_s61,alpaca_8035,code,0.1582498401403427
requested_s61,alpaca_690,code,0.11816399544477463
requested_s61,alpaca_1597,code,0.12848858535289764
requested_s61,alpaca_1410,code,0.17556743323802948
requested_s61,alpaca_16876,code,0.13882754743099213
requested_s61,alpaca_8784,code,0.10991072654724121
requested_s61,alpaca_16439,code,0.13870111107826233
requested_s61,alpaca_15940,code,0.4226267337799072
requested_s61,alpaca_15594,code,0.21332505345344543
requested_s61,alpaca_17224,code,0.1752912849187851
requested_s61,alpaca_6324,code,0.10761987417936325
requested_s61,alpaca_7053,code,0.12253711372613907
requested_s61,alpaca_9134,code,0.1234138235449791
requested_s61,alpaca_5994,code,0.10807160288095474
requested_s61,alpaca_10915,code,0.1462513953447342
requested_s61,alpaca_9174,code,0.16972993314266205
requested_s61,alpaca_10536,code,0.20558741688728333
requested_s61,alpaca_10136,code,0.2568798363208771
requested_s61,alpaca_5842,code,0.09534141421318054
requested_s61,alpaca_10727,code,0.19776006042957306
requested_s61,alpaca_12154,code,0.12266718596220016
requested_s61,alpaca_2306,code,0.12171631306409836
requested_s61,alpaca_18933,code,0.15845845639705658
requested_s61,alpaca_13481,code,0.3193473517894745
requested_s61,alpaca_584,code,0.14292405545711517
requested_s61,alpaca_11261,code,0.22634445130825043
requested_s61,alpaca_4696,code,0.23233924806118011
requested_s61,alpaca_11901,code,0.15136094391345978
requested_s61,alpaca_5279,code,0.14560136198997498
requested_s61,alpaca_11923,code,0.23823153972625732
requested_s61,alpaca_4490,code,0.14522454142570496
requested_s61,alpaca_2783,code,0.296284019947052
requested_s61,alpaca_6263,code,0.13704267144203186
requested_s61,alpaca_1123,code,0.11586134880781174
requested_s61,alpaca_13116,code,0.17732463777065277
requested_s61,alpaca_2453,code,0.32478466629981995
requested_s61,alpaca_18327,code,0.27961382269859314
requested_s61,alpaca_6595,code,0.09110108762979507
requested_s61,alpaca_2358,code,0.1372818946838379
requested_s61,alpaca_3568,code,0.20936989784240723
requested_s61,alpaca_1658,code,0.2101404219865799
requested_s61,alpaca_10043,code,0.1529778093099594
requested_s61,alpaca_19911,code,0.2698039710521698
requested_s61,alpaca_16423,code,0.32633745670318604
requested_s61,alpaca_1782,code,0.09244821965694427
requested_s61,alpaca_15896,code,0.12246515601873398
requested_s61,alpaca_15764,code,0.2483779639005661
requested_s61,alpaca_10621,code,0.27751240134239197
requested_s61,alpaca_5734,code,0.20286166667938232
requested_s61,alpaca_19315,code,0.29332008957862854
requested_s61,alpaca_10139,code,0.12822329998016357
requested_s61,alpaca_9606,code,0.1502702683210373
requested_s61,alpaca_1187,code,0.19643932580947876
requested_s61,alpaca_7878,code,0.09234903752803802
requested_s61,alpaca_16104,code,0.1245323196053505
requested_s61,alpaca_7525,code,0.2854374647140503
requested_s61,alpaca_1402,code,0.2628573775291443
requested_s61,alpaca_14254,code,0.2954961359500885
requested_s61,alpaca_12158,code,0.11321009695529938
requested_s61,alpaca_910,code,0.1742873638868332
requested_s61,alpaca_13477,code,0.18048754334449768
requested_s61,alpaca_9497,code,0.24394460022449493
requested_s61,alpaca_7553,code,0.12756414711475372
requested_s61,alpaca_11737,code,0.3252616226673126
requested_s61,alpaca_15064,code,0.2871936857700348
requested_s61,alpaca_17606,code,0.22951562702655792
requested_s61,alpaca_19523,code,0.08630552887916565
requested_s61,alpaca_5715,code,0.1316494196653366
requested_s61,alpaca_18071,code,0.19245512783527374
requested_s61,alpaca_7948,code,0.159772127866745
requested_s61,alpaca_9186,code,0.09048928320407867
requested_s61,alpaca_12285,code,0.1151832714676857
requested_s61,alpaca_16119,code,0.14224198460578918
requested_s61,alpaca_13161,code,0.08569134026765823
requested_s61,alpaca_11244,code,0.1261662244796753
requested_s61,alpaca_3029,code,0.22109566628932953
requested_s61,alpaca_9051,code,0.22962866723537445
requested_s61,alpaca_12160,code,0.10503322631120682
requested_s61,alpaca_15307,code,0.29450222849845886
requested_s61,alpaca_7754,code,0.22466671466827393
requested_s61,alpaca_7045,code,0.12003584206104279
requested_s61,alpaca_8688,code,0.2342255413532257
requested_s61,alpaca_14375,code,0.12193174660205841
requested_s61,alpaca_7246,code,0.09385832399129868
requested_s61,alpaca_8974,code,0.12694497406482697
requested_s61,alpaca_5664,code,0.2578281760215759
requested_s61,alpaca_5427,code,0.15036232769489288
requested_s61,alpaca_11721,code,0.1765470802783966
requested_s61,alpaca_9934,code,0.09566357731819153
requested_s61,alpaca_6935,code,0.0858897715806961
requested_s61,alpaca_16965,code,0.3021957576274872
requested_s61,alpaca_18827,code,0.49841007590293884
requested_s61,alpaca_438,code,0.1189550906419754
requested_s61,alpaca_9299,code,0.11040772497653961
requested_s61,alpaca_19317,code,0.2835392951965332
requested_s61,alpaca_19376,code,0.18730418384075165
requested_s61,alpaca_5666,code,0.11535010486841202
requested_s61,alpaca_9054,code,0.13748417794704437
requested_s61,alpaca_19335,code,0.293191134929657
requested_s61,alpaca_16990,code,0.2785726487636566
requested_s61,alpaca_8163,code,0.13744579255580902
requested_s61,alpaca_991,code,0.0714268907904625
requested_s61,alpaca_15676,code,0.2063610851764679
requested_s61,alpaca_1893,code,0.18192808330059052
requested_s61,alpaca_10000,code,0.14711728692054749
requested_s61,alpaca_8157,code,0.25832420587539673
requested_s61,alpaca_1692,code,0.24101845920085907
requested_s61,alpaca_14609,code,0.309704065322876
requested_s61,alpaca_12656,code,0.1626262664794922
requested_s61,alpaca_17895,code,0.23447206616401672
requested_s61,alpaca_2005,code,0.16562800109386444
requested_s61,alpaca_17892,code,0.2069031447172165
requested_s61,alpaca_4465,code,0.3499393165111542
requested_s61,alpaca_5552,code,0.13448373973369598
requested_s61,alpaca_11748,code,0.12513090670108795
requested_s61,alpaca_13679,code,0.21689631044864655
requested_s61,alpaca_15496,code,0.44332146644592285
requested_s61,alpaca_9601,code,0.3310253322124481
requested_s61,alpaca_14860,code,0.16090555489063263
requested_s61,alpaca_7399,code,0.2402036041021347
requested_s61,alpaca_4682,code,0.12748923897743225
requested_s61,alpaca_10889,code,0.1313282549381256
requested_s61,alpaca_3629,code,0.10928483307361603
requested_s61,alpaca_10984,code,0.28479453921318054
requested_s61,alpaca_18025,code,0.2372606098651886
requested_s61,alpaca_10886,code,0.3540458381175995
requested_s61,alpaca_10771,code,0.06609179824590683
requested_s61,alpaca_9781,code,0.36366018652915955
requested_s61,alpaca_1011,code,0.17299693822860718
requested_s61,alpaca_17139,code,0.15427424013614655
requested_s61,alpaca_17066,code,0.11404094845056534
requested_s61,alpaca_2530,code,0.24102549254894257
requested_s61,alpaca_158,code,0.2136436253786087
requested_s61,alpaca_422,code,0.06635885685682297
requested_s61,alpaca_103,code,0.2286159098148346
requested_s61,alpaca_1891,code,0.10825445502996445
requested_s61,alpaca_17797,code,0.277066171169281
requested_s61,alpaca_7657,code,0.33695706725120544
requested_s61,alpaca_14675,code,0.21168504655361176
requested_s61,control_346,control,0.48983603715896606
requested_s61,control_316,control,0.45104750990867615
requested_s61,control_376,control,0.3759533166885376
requested_s61,control_396,control,0.45613303780555725
requested_s61,control_16,control,0.48983603715896606
requested_s61,control_246,control,0.4679466784000397
requested_s61,control_96,control,0.48983603715896606
requested_s61,control_496,control,0.35811179876327515
requested_s61,control_276,control,0.45104750990867615
requested_s61,control_146,control,0.3759533166885376
requested_s61,control_186,control,0.4356028437614441
requested_s61,control_76,control,0.4356028437614441
requested_s61,control_466,control,0.4743229150772095
requested_s61,control_426,control,0.45613303780555725
requested_s61,control_206,control,0.4743229150772095
requested_s61,control_56,control,0.45104750990867615
requested_s61,control_456,control,0.45104750990867615
requested_s61,control_386,control,0.4986170530319214
requested_s61,control_176,control,0.48983603715896606
requested_s61,control_126,control,0.4679466784000397
requested_s61,control_416,control,0.48993754386901855
requested_s61,control_476,control,0.4356028437614441
requested_s61,control_356,control,0.4743229150772095
requested_s61,control_326,control,0.4356028437614441
requested_s61,control_256,control,0.4986170530319214
requested_s61,control_196,control,0.4679466784000397
requested_s61,control_366,control,0.3759533166885376
requested_s61,control_6,control,0.3759533166885376
requested_s61,control_486,control,0.45613303780555725
requested_s61,control_336,control,0.45104750990867615
requested_s61,control_36,control,0.4743229150772095
requested_s61,control_436,control,0.48993754386901855
requested_s61,control_116,control,0.45613303780555725
requested_s61,control_66,control,0.45613303780555725
requested_s61,control_86,control,0.45613303780555725
requested_s61,control_216,control,0.4986170530319214
requested_s61,control_26,control,0.4986170530319214
requested_s61,control_286,control,0.48993754386901855
requested_s61,control_136,control,0.4356028437614441
requested_s61,control_296,control,0.48983603715896606
requested_s61,control_266,control,0.4743229150772095
requested_s61,control_166,control,0.48993754386901855
requested_s61,control_306,control,0.45104750990867615
requested_s61,control_446,control,0.48993754386901855
requested_s61,control_46,control,0.35811179876327515
requested_s61,control_236,control,0.4356028437614441
requested_s61,control_226,control,0.45613303780555725
requested_s61,control_406,control,0.4356028437614441
requested_s61,control_106,control,0.4986170530319214
requested_s61,control_156,control,0.35811179876327515
requested_s62,gsm_c62453c17c2ef0b4,math,0.11925937980413437
requested_s62,gsm_72c5002d237f65df,math,0.14580242335796356
requested_s62,gsm_747a57ec661ec040,math,0.09586509317159653
requested_s62,gsm_3af6d6e01edb6c0f,math,0.09911307692527771
requested_s62,gsm_8810fc61726994ce,math,0.1431114375591278
requested_s62,gsm_ca10fdf80b6e3897,math,0.10363037884235382
requested_s62,gsm_0c494b9c92950e4d,math,0.11545819044113159
requested_s62,gsm_8beb578650d05ba1,math,0.09492891281843185
requested_s62,gsm_576d7627007443ad,math,0.13252930343151093
requested_s62,gsm_a70ca700d390e226,math,0.12987910211086273
requested_s62,gsm_35dea7b633732e14,math,0.1037888303399086
requested_s62,gsm_f7fdf9a6b43b6e48,math,0.11497713625431061
requested_s62,gsm_35d41089a18507bd,math,0.09853994101285934
requested_s62,gsm_3d49a187f61986a4,math,0.16777847707271576
requested_s62,gsm_926574ced1f06ca1,math,0.10999735444784164
requested_s62,gsm_0adcc3517ca243d4,math,0.09933014959096909
requested_s62,gsm_f6bcf679f3018443,math,0.16343143582344055
requested_s62,gsm_c0df1383f9690298,math,0.10761366039514542
requested_s62,gsm_5df0064b9ba0dca7,math,0.12762686610221863
requested_s62,gsm_1772c64c068c1a89,math,0.11644605547189713
requested_s62,gsm_0266ed8a4e87d5e4,math,0.11577550321817398
requested_s62,gsm_f42de69d24ee2e5e,math,0.13150040805339813
requested_s62,gsm_c5226559b9b37285,math,0.14515797793865204
requested_s62,gsm_51146726b2082770,math,0.11970161646604538
requested_s62,gsm_e7ed710388226bf7,math,0.11331979185342789
requested_s62,gsm_391986fc8c46e416,math,0.11864244937896729
requested_s62,gsm_4560b2d047fc6f74,math,0.10248672217130661
requested_s62,gsm_c796f4b7c9a9d5de,math,0.12710772454738617
requested_s62,gsm_d538ffc1fe2fb8cc,math,0.15144462883472443
requested_s62,gsm_f66a49e3f1b08991,math,0.16199786961078644
requested_s62,gsm_d6e827a0c2ff1749,math,0.09658672660589218
requested_s62,gsm_895ed20aaf264edb,math,0.09481643885374069
requested_s62,gsm_71914cf214d7343c,math,0.12926582992076874
requested_s62,gsm_475ce948a8101cc2,math,0.14642983675003052
requested_s62,gsm_89994875b3813c91,math,0.14583340287208557
requested_s62,gsm_dae9ddc3f7ff4235,math,0.10490833967924118
requested_s62,gsm_539a3c98b25411c7,math,0.09636320918798447
requested_s62,gsm_3b6abf5a7c8fcf58,math,0.11161861568689346
requested_s62,gsm_fbe04f5794f6448e,math,0.14880207180976868
requested_s62,gsm_1e642011c4e48c79,math,0.10471763461828232
requested_s62,gsm_8fe862a4d01c9679,math,0.12172000855207443
requested_s62,gsm_4b75ebba37bfe632,math,0.1262286752462387
requested_s62,gsm_ba4333cfc64a1669,math,0.10434333235025406
requested_s62,gsm_1d1018dd20fb5560,math,0.1104910597205162
requested_s62,gsm_75aca026bf532f3c,math,0.13151247799396515
requested_s62,gsm_cdbb54ec3758d7d8,math,0.15397749841213226
requested_s62,gsm_ce2ff2b11ba3e607,math,0.21252332627773285
requested_s62,gsm_7f66fc2dcff04dd2,math,0.15276756882667542
requested_s62,gsm_0a70a72afbb52f1e,math,0.12146610021591187
requested_s62,gsm_09c017405e7219b6,math,0.10374528169631958
requested_s62,gsm_4660b826ff99d586,math,0.12821725010871887
requested_s62,gsm_11d5212b26f5632d,math,0.13931268453598022
requested_s62,gsm_85cedd141b4f41b9,math,0.10923057794570923
requested_s62,gsm_aa2cbf235d77a438,math,0.09381159394979477
requested_s62,gsm_f8aee604feedfb99,math,0.10615464299917221
requested_s62,gsm_32c19654eb81db68,math,0.160915344953537
requested_s62,gsm_957cc8747eb0728e,math,0.10716861486434937
requested_s62,gsm_0b698bdad67456bd,math,0.08509384840726852
requested_s62,gsm_f7e8dfb7ae44396b,math,0.1016482263803482
requested_s62,gsm_af7261d88886c1fc,math,0.1070508360862732
requested_s62,gsm_5c4d0d4793b59d07,math,0.11383875459432602
requested_s62,gsm_6d7de09362f953ba,math,0.12072864919900894
requested_s62,gsm_b9c6a1cd659ba546,math,0.16980814933776855
requested_s62,gsm_2111c467908cca23,math,0.09318801015615463
requested_s62,gsm_ddd13d79f4477241,math,0.128448486328125
requested_s62,gsm_a0c4c12f79fdd38d,math,0.1256704181432724
requested_s62,gsm_d2c08ce186a30e2b,math,0.16936138272285461
requested_s62,gsm_a30b357702ab8e4c,math,0.19364939630031586
requested_s62,gsm_b98d2be3577a7eaf,math,0.10950440168380737
requested_s62,gsm_9311e9bf010feb22,math,0.08325908333063126
requested_s62,gsm_95e14342abcfb01e,math,0.13964955508708954
requested_s62,gsm_b2ec0e764ab294a3,math,0.09299226850271225
requested_s62,gsm_965e776cdf11a536,math,0.15426956117153168
requested_s62,gsm_1e7242ba8f738ab4,math,0.13606847822666168
requested_s62,gsm_0c6a487bbbdeaa80,math,0.1092863604426384
requested_s62,gsm_5c26b1813945bef3,math,0.13617156445980072
requested_s62,gsm_83003a10dd7e5ff9,math,0.11845266073942184
requested_s62,gsm_9f67d4454c2e2a82,math,0.07897726446390152
requested_s62,gsm_85cd8b011a144050,math,0.15208490192890167
requested_s62,gsm_657b7bbde3a1f1f2,math,0.12189225107431412
requested_s62,gsm_f5b2d44acea45642,math,0.15484808385372162
requested_s62,gsm_d55348837d9b13a8,math,0.13059060275554657
requested_s62,gsm_eb3e1be02e123fd4,math,0.12732826173305511
requested_s62,gsm_cdf0c44eafa372e9,math,0.13349787890911102
requested_s62,gsm_a67ff092bb2c7b6c,math,0.13477908074855804
requested_s62,gsm_7f9a1b56544a8b00,math,0.13785353302955627
requested_s62,gsm_264f5e7fa441a8d7,math,0.10997080057859421
requested_s62,gsm_85d09e4c97145c03,math,0.09323004633188248
requested_s62,gsm_b7be65ee1d99d929,math,0.19738447666168213
requested_s62,gsm_f17421d70fa50272,math,0.0982033833861351
requested_s62,gsm_ee4f12ab0528f1ac,math,0.09444288909435272
requested_s62,gsm_08f358371771e634,math,0.18480749428272247
requested_s62,gsm_3b27306d470e78c2,math,0.13840781152248383
requested_s62,gsm_f5b78d5c80a69f79,math,0.12552449107170105
requested_s62,gsm_5eb4603c69e46f40,math,0.10491376370191574
requested_s62,gsm_27981502e3654775,math,0.13923077285289764
requested_s62,gsm_92deb4d5b2108972,math,0.15511062741279602
requested_s62,gsm_7cd2e87d30d3e3d8,math,0.12305174022912979
requested_s62,gsm_f5f0934560d424fc,math,0.0921545997262001
requested_s62,gsm_14f18adde06b86db,math,0.17365843057632446
requested_s62,gsm_5fa53ffdec5c079d,math,0.15486589074134827
requested_s62,gsm_d56a1f53ee1f09d7,math,0.110928013920784
requested_s62,gsm_67bcb24bdafdbdcb,math,0.1097407117486
requested_s62,gsm_112b77693ec7b322,math,0.17358824610710144
requested_s62,gsm_25220bd74addeae5,math,0.11836729198694229
requested_s62,gsm_271359665273f05c,math,0.18878385424613953
requested_s62,gsm_3f65a3eb08873b5f,math,0.13678640127182007
requested_s62,gsm_bd77171ff4ed21c8,math,0.19446860253810883
requested_s62,gsm_1e6aa97157303da4,math,0.10462498664855957
requested_s62,gsm_a161e89e18303ebf,math,0.12310997396707535
requested_s62,gsm_9d497f81c6a58b35,math,0.09360318630933762
requested_s62,gsm_83e271dd0d25f360,math,0.0755898579955101
requested_s62,gsm_aace71f25886e6f6,math,0.1132633239030838
requested_s62,gsm_b3ee7c4ec73b99cb,math,0.12940968573093414
requested_s62,gsm_f5df0bf38204f5ad,math,0.1516183316707611
requested_s62,gsm_e4434bd35741fe39,math,0.13865458965301514
requested_s62,gsm_245333daa59e966a,math,0.12476780265569687
requested_s62,gsm_73f9579c4c824ec5,math,0.14702235162258148
requested_s62,gsm_b2443f263d2ddc30,math,0.09435778856277466
requested_s62,gsm_7ad37e7164a0a9da,math,0.1294853836297989
requested_s62,gsm_ed4cb4418932050a,math,0.09032833576202393
requested_s62,gsm_d30182578983680d,math,0.13937531411647797
requested_s62,gsm_4e9457649eaf6717,math,0.17062745988368988
requested_s62,gsm_f83638c747ef3479,math,0.1092921644449234
requested_s62,gsm_bc3aee8003dabf5b,math,0.1274096667766571
requested_s62,gsm_d78dd7418e60f804,math,0.10839178413152695
requested_s62,gsm_41a73a281cb285b4,math,0.11764080822467804
requested_s62,gsm_74b121cb68fbe399,math,0.10997392982244492
requested_s62,gsm_c88fb84bddd704d1,math,0.13602587580680847
requested_s62,gsm_3dc26cdf3d4c97ff,math,0.07210341095924377
requested_s62,gsm_7d6021f258c2bbe6,math,0.08983851969242096
requested_s62,gsm_ece3f99f16dc7059,math,0.1376733034849167
requested_s62,gsm_8a24bb682165f09b,math,0.11197135597467422
requested_s62,gsm_5b411e93c3d5101f,math,0.1080804243683815
requested_s62,gsm_5106cb114e87a477,math,0.1595742255449295
requested_s62,gsm_341ae29c61f99ba6,math,0.12243389338254929
requested_s62,gsm_91dd72c4f487819f,math,0.08840163052082062
requested_s62,gsm_89b197d566eeb88a,math,0.10674244165420532
requested_s62,gsm_c9804cd07e4b61b5,math,0.11742396652698517
requested_s62,gsm_3365430d729929ed,math,0.08803095668554306
requested_s62,gsm_2f0ab7e9cc672149,math,0.10115724802017212
requested_s62,gsm_5b05ef609031715a,math,0.1300070881843567
requested_s62,gsm_d2b6947d68b60611,math,0.09092976897954941
requested_s62,gsm_9e42ca71cf51f9d5,math,0.14654885232448578
requested_s62,gsm_0953c93b27a19f34,math,0.12704674899578094
requested_s62,gsm_74071327f93ef085,math,0.14055483043193817
requested_s62,gsm_3fadc21d156f7fa9,math,0.14827843010425568
requested_s62,gsm_6e21b7eb0ef92ab0,math,0.19284993410110474
requested_s62,gsm_2eef2844e294fdeb,math,0.11925124377012253
requested_s62,gsm_2b24fe3f2a6c1462,math,0.12874191999435425
requested_s62,gsm_d26b73b0a0ea97fe,math,0.14405472576618195
requested_s62,gsm_67b090934081c84c,math,0.1937316656112671
requested_s62,gsm_d9fedc485c6d329e,math,0.11773248761892319
requested_s62,gsm_404fe544d4a9a6d8,math,0.14165189862251282
requested_s62,gsm_a320010faee9c656,math,0.12429381906986237
requested_s62,gsm_05d7e11565627135,math,0.13051564991474152
requested_s62,gsm_3c8c7394137efdbd,math,0.1263776272535324
requested_s62,gsm_a7c83a5b26298683,math,0.11211293190717697
requested_s62,gsm_1ff6f7cb8864ac3d,math,0.11634021997451782
requested_s62,gsm_8850b00234635a9d,math,0.12915514409542084
requested_s62,gsm_8e58d3c44aa7ff33,math,0.12302976846694946
requested_s62,gsm_30cfe7712e410f1d,math,0.13777346909046173
requested_s62,gsm_a39cde53917afe3f,math,0.07816904783248901
requested_s62,gsm_65f63602e5bcc36b,math,0.14068716764450073
requested_s62,gsm_70fd027ff7397b46,math,0.10680737346410751
requested_s62,gsm_e91536db505dc19d,math,0.07951419800519943
requested_s62,gsm_23b001e6d1f43b7a,math,0.12954764068126678
requested_s62,gsm_510a1b892ed516a9,math,0.09282685816287994
requested_s62,gsm_3e57d82f27c24cef,math,0.09359487146139145
requested_s62,gsm_b259733db478725a,math,0.14429061114788055
requested_s62,gsm_72420d41411ac74e,math,0.2595299184322357
requested_s62,gsm_45b68e9a4a4b6f09,math,0.11617602407932281
requested_s62,gsm_40ba62d840c8a4cd,math,0.16653846204280853
requested_s62,gsm_4bd9127a877e963a,math,0.1662566065788269
requested_s62,gsm_b788a146e13c2d3b,math,0.11596975475549698
requested_s62,gsm_53e9cf041f54bf9c,math,0.18972249329090118
requested_s62,gsm_701f3494e255e8d7,math,0.125069722533226
requested_s62,gsm_8535ae0540a763f9,math,0.10960785299539566
requested_s62,gsm_d6a962e555a3b2d8,math,0.12003133445978165
requested_s62,gsm_c769ffcd998cdf4b,math,0.12056481838226318
requested_s62,gsm_1d711c0edab6cdf9,math,0.15774308145046234
requested_s62,gsm_7089a27d5be9d735,math,0.09434707462787628
requested_s62,gsm_8282c947ebdb72c4,math,0.1581215113401413
requested_s62,gsm_4d58e157821739ee,math,0.13059258460998535
requested_s62,gsm_01895a7a6826a915,math,0.09377607703208923
requested_s62,gsm_4023e12520086b85,math,0.16174350678920746
requested_s62,gsm_9399899bcaabc8ed,math,0.09469833970069885
requested_s62,gsm_0feeb37eda9ea126,math,0.12224677950143814
requested_s62,gsm_f7161d26efd1d114,math,0.14384731650352478
requested_s62,gsm_c8eda87800e3e5ac,math,0.1429014503955841
requested_s62,gsm_6fd1be8949c1f6a2,math,0.149431511759758
requested_s62,gsm_3eca6b76b1f1ad8a,math,0.11073511093854904
requested_s62,gsm_dc1958a43149115d,math,0.08859005570411682
requested_s62,gsm_e50f6822067b1757,math,0.10784250497817993
requested_s62,gsm_d91feeaec617d234,math,0.1653118133544922
requested_s62,gsm_eb4fafd06c693daa,math,0.13829784095287323
requested_s62,gsm_a43343572469f619,math,0.15306904911994934
requested_s62,gsm_d72f60c8ce1eca73,math,0.11974024772644043
requested_s62,gsm_6d19b90aa3615625,math,0.09369180351495743
requested_s62,gsm_3e64ac9bd7eee07f,math,0.1589183360338211
requested_s62,gsm_a3c3be84f9b93551,math,0.14071325957775116
requested_s62,gsm_a532ec5b80cebf47,math,0.11682523787021637
requested_s62,gsm_fc616873dce69386,math,0.11861161142587662
requested_s62,gsm_ddc532da449ad062,math,0.1687619537115097
requested_s62,gsm_d2909e3c70589dfc,math,0.11300402134656906
requested_s62,gsm_b11f569a3f129339,math,0.14501045644283295
requested_s62,gsm_537a8f3b08c5806a,math,0.1661708503961563
requested_s62,gsm_eb0c6dc7e6a52ee1,math,0.13325734436511993
requested_s62,gsm_58a2c89d3870d4f0,math,0.1128208264708519
requested_s62,gsm_5a2811bffcd84918,math,0.11425864696502686
requested_s62,gsm_cd25c907e3d1230d,math,0.1062331572175026
requested_s62,gsm_969ac66c0d3cb729,math,0.15630081295967102
requested_s62,gsm_085c07c991b7f6dc,math,0.11959844827651978
requested_s62,gsm_fc7237589092f3fc,math,0.11727248877286911
requested_s62,gsm_d0dcd7f288303715,math,0.10551717132329941
requested_s62,gsm_5c2413d4439e804f,math,0.26891499757766724
requested_s62,gsm_39369532603a287f,math,0.101242795586586
requested_s62,gsm_d4a51456b7945b99,math,0.09811229258775711
requested_s62,gsm_108787ae99efce11,math,0.146663099527359
requested_s62,gsm_dcc87971f34d3210,math,0.09018941968679428
requested_s62,gsm_5d50b87fd6fe5f3b,math,0.11469753086566925
requested_s62,gsm_e0b9d6d609fcd66c,math,0.1625731736421585
requested_s62,gsm_0953bab0d62fef54,math,0.14951662719249725
requested_s62,gsm_3b3648b5ef47ef61,math,0.1638798713684082
requested_s62,gsm_cb8099688088d7d1,math,0.10959990322589874
requested_s62,alpaca_1907,code,0.08327112346887589
requested_s62,alpaca_5350,code,0.119742751121521
requested_s62,alpaca_5821,code,0.20157490670681
requested_s62,alpaca_18823,code,0.11811884492635727
requested_s62,alpaca_10829,code,0.2713545262813568
requested_s62,alpaca_2198,code,0.13662545382976532
requested_s62,alpaca_4240,code,0.196579247713089
requested_s62,alpaca_2123,code,0.09050815552473068
requested_s62,alpaca_1018,code,0.15892741084098816
requested_s62,alpaca_17933,code,0.06920287758111954
requested_s62,alpaca_7780,code,0.22037427127361298
requested_s62,alpaca_18074,code,0.08695974200963974
requested_s62,alpaca_9791,code,0.20347431302070618
requested_s62,alpaca_10429,code,0.1431407928466797
requested_s62,alpaca_7994,code,0.07224905490875244
requested_s62,alpaca_8080,code,0.11563469469547272
requested_s62,alpaca_2376,code,0.16139432787895203
requested_s62,alpaca_17356,code,0.16390731930732727
requested_s62,alpaca_11441,code,0.05668597295880318
requested_s62,alpaca_14422,code,0.1831112951040268
requested_s62,alpaca_10924,code,0.06698811054229736
requested_s62,alpaca_14341,code,0.11022499948740005
requested_s62,alpaca_8972,code,0.11280971020460129
requested_s62,alpaca_12289,code,0.11662165075540543
requested_s62,alpaca_11567,code,0.18064330518245697
requested_s62,alpaca_1737,code,0.1354055255651474
requested_s62,alpaca_15065,code,0.29783710837364197
requested_s62,alpaca_19763,code,0.21121537685394287
requested_s62,alpaca_2984,code,0.11014728993177414
requested_s62,alpaca_16839,code,0.1886555701494217
requested_s62,alpaca_9316,code,0.14450278878211975
requested_s62,alpaca_18481,code,0.1964041292667389
requested_s62,alpaca_17104,code,0.19182725250720978
requested_s62,alpaca_4742,code,0.3158755898475647
requested_s62,alpaca_19792,code,0.2450495809316635
requested_s62,alpaca_16576,code,0.14447526633739471
requested_s62,alpaca_11968,code,0.23240824043750763
requested_s62,alpaca_2279,code,0.10461156815290451
requested_s62,alpaca_15267,code,0.09453145414590836
requested_s62,alpaca_18655,code,0.09921573102474213
requested_s62,alpaca_13529,code,0.1100519448518753
requested_s62,alpaca_17634,code,0.2243947833776474
requested_s62,alpaca_15154,code,0.24544084072113037
requested_s62,alpaca_16821,code,0.09199661016464233
requested_s62,alpaca_5963,code,0.06655462086200714
requested_s62,alpaca_7258,code,0.23668980598449707
requested_s62,alpaca_3247,code,0.11370859295129776
requested_s62,alpaca_5316,code,0.113680399954319
requested_s62,alpaca_771,code,0.10106458514928818
requested_s62,alpaca_3363,code,0.12427236884832382
requested_s62,alpaca_7290,code,0.07152324914932251
requested_s62,alpaca_19436,code,0.15337060391902924
requested_s62,alpaca_15918,code,0.07526025921106339
requested_s62,alpaca_6009,code,0.23411087691783905
requested_s62,alpaca_12783,code,0.27360647916793823
requested_s62,alpaca_7546,code,0.10796826332807541
requested_s62,alpaca_17186,code,0.14390410482883453
requested_s62,alpaca_3264,code,0.21012334525585175
requested_s62,alpaca_19943,code,0.12860460579395294
requested_s62,alpaca_2552,code,0.08041145652532578
requested_s62,alpaca_17699,code,0.13492782413959503
requested_s62,alpaca_16118,code,0.0951521024107933
requested_s62,alpaca_904,code,0.07388798892498016
requested_s62,alpaca_19582,code,0.14520852267742157
requested_s62,alpaca_16569,code,0.13069379329681396
requested_s62,alpaca_3245,code,0.21483087539672852
requested_s62,alpaca_18459,code,0.18085578083992004
requested_s62,alpaca_11231,code,0.09491313993930817
requested_s62,alpaca_4719,code,0.13561701774597168
requested_s62,alpaca_13692,code,0.2993708550930023
requested_s62,alpaca_2545,code,0.15623994171619415
requested_s62,alpaca_88,code,0.1730157881975174
requested_s62,alpaca_10008,code,0.20002463459968567
requested_s62,alpaca_11715,code,0.07854872196912766
requested_s62,alpaca_286,code,0.18442527949810028
requested_s62,alpaca_17726,code,0.16706623136997223
requested_s62,alpaca_8241,code,0.15219736099243164
requested_s62,alpaca_15462,code,0.18586380779743195
requested_s62,alpaca_8351,code,0.08989608287811279
requested_s62,alpaca_9955,code,0.1684776097536087
requested_s62,alpaca_19818,code,0.14968909323215485
requested_s62,alpaca_462,code,0.1821686327457428
requested_s62,alpaca_16798,code,0.22099517285823822
requested_s62,alpaca_3049,code,0.12105510383844376
requested_s62,alpaca_19325,code,0.1201406940817833
requested_s62,alpaca_7324,code,0.13087217509746552
requested_s62,alpaca_8035,code,0.11809786409139633
requested_s62,alpaca_690,code,0.07584508508443832
requested_s62,alpaca_1597,code,0.0905332863330841
requested_s62,alpaca_1410,code,0.1264241486787796
requested_s62,alpaca_16876,code,0.10326835513114929
requested_s62,alpaca_8784,code,0.08101730048656464
requested_s62,alpaca_16439,code,0.10468170046806335
requested_s62,alpaca_15940,code,0.2998026907444
requested_s62,alpaca_15594,code,0.17200110852718353
requested_s62,alpaca_17224,code,0.13262851536273956
requested_s62,alpaca_6324,code,0.060125529766082764
requested_s62,alpaca_7053,code,0.08640111237764359
requested_s62,alpaca_9134,code,0.08947968482971191
requested_s62,alpaca_5994,code,0.07978736609220505
requested_s62,alpaca_10915,code,0.09323356300592422
requested_s62,alpaca_9174,code,0.1122448667883873
requested_s62,alpaca_10536,code,0.15959970653057098
requested_s62,alpaca_10136,code,0.2036265879869461
requested_s62,alpaca_5842,code,0.06986475735902786
requested_s62,alpaca_10727,code,0.12141058593988419
requested_s62,alpaca_12154,code,0.09100788831710815
requested_s62,alpaca_2306,code,0.08115746825933456
requested_s62,alpaca_18933,code,0.11316322535276413
requested_s62,alpaca_13481,code,0.2364416867494583
requested_s62,alpaca_584,code,0.10561750084161758
requested_s62,alpaca_11261,code,0.17531439661979675
requested_s62,alpaca_4696,code,0.1785918027162552
requested_s62,alpaca_11901,code,0.1051911860704422
requested_s62,alpaca_5279,code,0.09454954415559769
requested_s62,alpaca_11923,code,0.13600394129753113
requested_s62,alpaca_4490,code,0.09983289241790771
requested_s62,alpaca_2783,code,0.23941431939601898
requested_s62,alpaca_6263,code,0.10164666920900345
requested_s62,alpaca_1123,code,0.08745408058166504
requested_s62,alpaca_13116,code,0.12499256432056427
requested_s62,alpaca_2453,code,0.24751658737659454
requested_s62,alpaca_18327,code,0.2029435932636261
requested_s62,alpaca_6595,code,0.0698227807879448
requested_s62,alpaca_2358,code,0.10040616989135742
requested_s62,alpaca_3568,code,0.1398496925830841
requested_s62,alpaca_1658,code,0.1653245985507965
requested_s62,alpaca_10043,code,0.11286546289920807
requested_s62,alpaca_19911,code,0.18813812732696533
requested_s62,alpaca_16423,code,0.23434877395629883
requested_s62,alpaca_1782,code,0.06071227788925171
requested_s62,alpaca_15896,code,0.0909389778971672
requested_s62,alpaca_15764,code,0.19459763169288635
requested_s62,alpaca_10621,code,0.19931118190288544
requested_s62,alpaca_5734,code,0.11597775667905807
requested_s62,alpaca_19315,code,0.22382862865924835
requested_s62,alpaca_10139,code,0.08790703117847443
requested_s62,alpaca_9606,code,0.10124906152486801
requested_s62,alpaca_1187,code,0.13752137124538422
requested_s62,alpaca_7878,code,0.06770201772451401
requested_s62,alpaca_16104,code,0.08269558846950531
requested_s62,alpaca_7525,code,0.21288268268108368
requested_s62,alpaca_1402,code,0.20289824903011322
requested_s62,alpaca_14254,code,0.21150313317775726
requested_s62,alpaca_12158,code,0.08045049756765366
requested_s62,alpaca_910,code,0.1307130604982376
requested_s62,alpaca_13477,code,0.1222996935248375
requested_s62,alpaca_9497,code,0.1934078335762024
requested_s62,alpaca_7553,code,0.08588023483753204
requested_s62,alpaca_11737,code,0.24066591262817383
requested_s62,alpaca_15064,code,0.20971374213695526
requested_s62,alpaca_17606,code,0.17349810898303986
requested_s62,alpaca_19523,code,0.060084715485572815
requested_s62,alpaca_5715,code,0.09620896726846695
requested_s62,alpaca_18071,code,0.13903315365314484
requested_s62,alpaca_7948,code,0.12019813805818558
requested_s62,alpaca_9186,code,0.06477241963148117
requested_s62,alpaca_12285,code,0.08261588960886002
requested_s62,alpaca_16119,code,0.09903828054666519
requested_s62,alpaca_13161,code,0.06373272091150284
requested_s62,alpaca_11244,code,0.09557284414768219
requested_s62,alpaca_3029,code,0.16677699983119965
requested_s62,alpaca_9051,code,0.1786118745803833
requested_s62,alpaca_12160,code,0.08043412864208221
requested_s62,alpaca_15307,code,0.18295390903949738
requested_s62,alpaca_7754,code,0.1590941995382309
requested_s62,alpaca_7045,code,0.08707442134618759
requested_s62,alpaca_8688,code,0.17221768200397491
requested_s62,alpaca_14375,code,0.08283303678035736
requested_s62,alpaca_7246,code,0.0702708289027214
requested_s62,alpaca_8974,code,0.0954565703868866
requested_s62,alpaca_5664,code,0.20016899704933167
requested_s62,alpaca_5427,code,0.08268027007579803
requested_s62,alpaca_11721,code,0.1319955438375473
requested_s62,alpaca_9934,code,0.07043255865573883
requested_s62,alpaca_6935,code,0.06102483347058296
requested_s62,alpaca_16965,code,0.23948276042938232
requested_s62,alpaca_18827,code,0.3548144996166229
requested_s62,alpaca_438,code,0.09579363465309143
requested_s62,alpaca_9299,code,0.08414065837860107
requested_s62,alpaca_19317,code,0.21320806443691254
requested_s62,alpaca_19376,code,0.14909903705120087
requested_s62,alpaca_5666,code,0.08642777800559998
requested_s62,alpaca_9054,code,0.08577906340360641
requested_s62,alpaca_19335,code,0.21608488261699677
requested_s62,alpaca_16990,code,0.20524442195892334
requested_s62,alpaca_8163,code,0.10903462022542953
requested_s62,alpaca_991,code,0.05354752391576767
requested_s62,alpaca_15676,code,0.1604267805814743
requested_s62,alpaca_1893,code,0.14071033895015717
requested_s62,alpaca_10000,code,0.08952904492616653
requested_s62,alpaca_8157,code,0.18844041228294373
requested_s62,alpaca_1692,code,0.18122129142284393
requested_s62,alpaca_14609,code,0.21414418518543243
requested_s62,alpaca_12656,code,0.11788886785507202
requested_s62,alpaca_17895,code,0.1535460203886032
requested_s62,alpaca_2005,code,0.13152329623699188
requested_s62,alpaca_17892,code,0.1532680243253708
requested_s62,alpaca_4465,code,0.26073452830314636
requested_s62,alpaca_5552,code,0.10352370887994766
requested_s62,alpaca_11748,code,0.09076126664876938
requested_s62,alpaca_13679,code,0.16967174410820007
requested_s62,alpaca_15496,code,0.33611735701560974
requested_s62,alpaca_9601,code,0.26369330286979675
requested_s62,alpaca_14860,code,0.11695702373981476
requested_s62,alpaca_7399,code,0.18111267685890198
requested_s62,alpaca_4682,code,0.09615307301282883
requested_s62,alpaca_10889,code,0.0811239704489708
requested_s62,alpaca_3629,code,0.06334296613931656
requested_s62,alpaca_10984,code,0.20007197558879852
requested_s62,alpaca_18025,code,0.17117927968502045
requested_s62,alpaca_10886,code,0.2573428750038147
requested_s62,alpaca_10771,code,0.04764741286635399
requested_s62,alpaca_9781,code,0.27806583046913147
requested_s62,alpaca_1011,code,0.1213117390871048
requested_s62,alpaca_17139,code,0.11736086755990982
requested_s62,alpaca_17066,code,0.08748519420623779
requested_s62,alpaca_2530,code,0.18609414994716644
requested_s62,alpaca_158,code,0.1460247039794922
requested_s62,alpaca_422,code,0.04738514870405197
requested_s62,alpaca_103,code,0.16101957857608795
requested_s62,alpaca_1891,code,0.08189915120601654
requested_s62,alpaca_17797,code,0.17680925130844116
requested_s62,alpaca_7657,code,0.2501388490200043
requested_s62,alpaca_14675,code,0.16190789639949799
requested_s62,control_346,control,0.37455305457115173
requested_s62,control_316,control,0.34567293524742126
requested_s62,control_376,control,0.28290408849716187
requested_s62,control_396,control,0.3446655869483948
requested_s62,control_16,control,0.37455305457115173
requested_s62,control_246,control,0.3556244969367981
requested_s62,control_96,control,0.37455305457115173
requested_s62,control_496,control,0.27551624178886414
requested_s62,control_276,control,0.34567293524742126
requested_s62,control_146,control,0.28290408849716187
requested_s62,control_186,control,0.33268100023269653
requested_s62,control_76,control,0.33268100023269653
requested_s62,control_466,control,0.3588164448738098
requested_s62,control_426,control,0.3446655869483948
requested_s62,control_206,control,0.3588164448738098
requested_s62,control_56,control,0.34567293524742126
requested_s62,control_456,control,0.34567293524742126
requested_s62,control_386,control,0.37808969616889954
requested_s62,control_176,control,0.37455305457115173
requested_s62,control_126,control,0.3556244969367981
requested_s62,control_416,control,0.3635486364364624
requested_s62,control_476,control,0.33268100023269653
requested_s62,control_356,control,0.3588164448738098
requested_s62,control_326,control,0.33268100023269653
requested_s62,control_256,control,0.37808969616889954
requested_s62,control_196,control,0.3556244969367981
requested_s62,control_366,control,0.28290408849716187
requested_s62,control_6,control,0.28290408849716187
requested_s62,control_486,control,0.3446655869483948
requested_s62,control_336,control,0.34567293524742126
requested_s62,control_36,control,0.3588164448738098
requested_s62,control_436,control,0.3635486364364624
requested_s62,control_116,control,0.3446655869483948
requested_s62,control_66,control,0.3446655869483948
requested_s62,control_86,control,0.3446655869483948
requested_s62,control_216,control,0.37808969616889954
requested_s62,control_26,control,0.37808969616889954
requested_s62,control_286,control,0.3635486364364624
requested_s62,control_136,control,0.33268100023269653
requested_s62,control_296,control,0.37455305457115173
requested_s62,control_266,control,0.3588164448738098
requested_s62,control_166,control,0.3635486364364624
requested_s62,control_306,control,0.34567293524742126
requested_s62,control_446,control,0.3635486364364624
requested_s62,control_46,control,0.27551624178886414
requested_s62,control_236,control,0.33268100023269653
requested_s62,control_226,control,0.3446655869483948
requested_s62,control_406,control,0.33268100023269653
requested_s62,control_106,control,0.37808969616889954
requested_s62,control_156,control,0.27551624178886414
requested_s63,gsm_c62453c17c2ef0b4,math,0.05597285181283951
requested_s63,gsm_72c5002d237f65df,math,0.06795835494995117
requested_s63,gsm_747a57ec661ec040,math,0.04536955803632736
requested_s63,gsm_3af6d6e01edb6c0f,math,0.04329238086938858
requested_s63,gsm_8810fc61726994ce,math,0.07408427447080612
requested_s63,gsm_ca10fdf80b6e3897,math,0.0480375811457634
requested_s63,gsm_0c494b9c92950e4d,math,0.05230081081390381
requested_s63,gsm_8beb578650d05ba1,math,0.04144606366753578
requested_s63,gsm_576d7627007443ad,math,0.0629277154803276
requested_s63,gsm_a70ca700d390e226,math,0.05257844924926758
requested_s63,gsm_35dea7b633732e14,math,0.047422267496585846
requested_s63,gsm_f7fdf9a6b43b6e48,math,0.050032079219818115
requested_s63,gsm_35d41089a18507bd,math,0.047649648040533066
requested_s63,gsm_3d49a187f61986a4,math,0.08865167945623398
requested_s63,gsm_926574ced1f06ca1,math,0.04431459307670593
requested_s63,gsm_0adcc3517ca243d4,math,0.04161160811781883
requested_s63,gsm_f6bcf679f3018443,math,0.06637602299451828
requested_s63,gsm_c0df1383f9690298,math,0.049568142741918564
requested_s63,gsm_5df0064b9ba0dca7,math,0.04816986992955208
requested_s63,gsm_1772c64c068c1a89,math,0.057222913950681686
requested_s63,gsm_0266ed8a4e87d5e4,math,0.04930736497044563
requested_s63,gsm_f42de69d24ee2e5e,math,0.06667697429656982
requested_s63,gsm_c5226559b9b37285,math,0.06743855774402618
requested_s63,gsm_51146726b2082770,math,0.0501047745347023
requested_s63,gsm_e7ed710388226bf7,math,0.05562033876776695
requested_s63,gsm_391986fc8c46e416,math,0.052718307822942734
requested_s63,gsm_4560b2d047fc6f74,math,0.043631430715322495
requested_s63,gsm_c796f4b7c9a9d5de,math,0.05452156811952591
requested_s63,gsm_d538ffc1fe2fb8cc,math,0.07719475030899048
requested_s63,gsm_f66a49e3f1b08991,math,0.07477658241987228
requested_s63,gsm_d6e827a0c2ff1749,math,0.042189739644527435
requested_s63,gsm_895ed20aaf264edb,math,0.042664606124162674
requested_s63,gsm_71914cf214d7343c,math,0.05517500638961792
requested_s63,gsm_475ce948a8101cc2,math,0.06567304581403732
requested_s63,gsm_89994875b3813c91,math,0.07160014659166336
requested_s63,gsm_dae9ddc3f7ff4235,math,0.044551193714141846
requested_s63,gsm_539a3c98b25411c7,math,0.04874718189239502
requested_s63,gsm_3b6abf5a7c8fcf58,math,0.05068486928939819
requested_s63,gsm_fbe04f5794f6448e,math,0.059870123863220215
requested_s63,gsm_1e642011c4e48c79,math,0.04614764451980591
requested_s63,gsm_8fe862a4d01c9679,math,0.05108517035841942
requested_s63,gsm_4b75ebba37bfe632,math,0.05748201161623001
requested_s63,gsm_ba4333cfc64a1669,math,0.04961501434445381
requested_s63,gsm_1d1018dd20fb5560,math,0.05197387933731079
requested_s63,gsm_75aca026bf532f3c,math,0.05836930498480797
requested_s63,gsm_cdbb54ec3758d7d8,math,0.07306674122810364
requested_s63,gsm_ce2ff2b11ba3e607,math,0.11558761447668076
requested_s63,gsm_7f66fc2dcff04dd2,math,0.0690578892827034
requested_s63,gsm_0a70a72afbb52f1e,math,0.0496821403503418
requested_s63,gsm_09c017405e7219b6,math,0.049911580979824066
requested_s63,gsm_4660b826ff99d586,math,0.05761677026748657
requested_s63,gsm_11d5212b26f5632d,math,0.06394674628973007
requested_s63,gsm_85cedd141b4f41b9,math,0.044250063598155975
requested_s63,gsm_aa2cbf235d77a438,math,0.039132192730903625
requested_s63,gsm_f8aee604feedfb99,math,0.046218957751989365
requested_s63,gsm_32c19654eb81db68,math,0.08082978427410126
requested_s63,gsm_957cc8747eb0728e,math,0.05083967372775078
requested_s63,gsm_0b698bdad67456bd,math,0.037990935146808624
requested_s63,gsm_f7e8dfb7ae44396b,math,0.049272485077381134
requested_s63,gsm_af7261d88886c1fc,math,0.04677696153521538
requested_s63,gsm_5c4d0d4793b59d07,math,0.04805537685751915
requested_s63,gsm_6d7de09362f953ba,math,0.05551692843437195
requested_s63,gsm_b9c6a1cd659ba546,math,0.06769321858882904
requested_s63,gsm_2111c467908cca23,math,0.04502547159790993
requested_s63,gsm_ddd13d79f4477241,math,0.057097889482975006
requested_s63,gsm_a0c4c12f79fdd38d,math,0.05472547560930252
requested_s63,gsm_d2c08ce186a30e2b,math,0.07973872870206833
requested_s63,gsm_a30b357702ab8e4c,math,0.07697566598653793
requested_s63,gsm_b98d2be3577a7eaf,math,0.04653584957122803
requested_s63,gsm_9311e9bf010feb22,math,0.03886169195175171
requested_s63,gsm_95e14342abcfb01e,math,0.0683266893029213
requested_s63,gsm_b2ec0e764ab294a3,math,0.04405353218317032
requested_s63,gsm_965e776cdf11a536,math,0.06538080424070358
requested_s63,gsm_1e7242ba8f738ab4,math,0.05658968910574913
requested_s63,gsm_0c6a487bbbdeaa80,math,0.05284867435693741
requested_s63,gsm_5c26b1813945bef3,math,0.06782292574644089
requested_s63,gsm_83003a10dd7e5ff9,math,0.06274893879890442
requested_s63,gsm_9f67d4454c2e2a82,math,0.03531895950436592
requested_s63,gsm_85cd8b011a144050,math,0.06275629997253418
requested_s63,gsm_657b7bbde3a1f1f2,math,0.06134798750281334
requested_s63,gsm_f5b2d44acea45642,math,0.0881815031170845
requested_s63,gsm_d55348837d9b13a8,math,0.05986980348825455
requested_s63,gsm_eb3e1be02e123fd4,math,0.0661824643611908
requested_s63,gsm_cdf0c44eafa372e9,math,0.05692887306213379
requested_s63,gsm_a67ff092bb2c7b6c,math,0.06012386828660965
requested_s63,gsm_7f9a1b56544a8b00,math,0.056576918810606
requested_s63,gsm_264f5e7fa441a8d7,math,0.04856003448367119
requested_s63,gsm_85d09e4c97145c03,math,0.042293332517147064
requested_s63,gsm_b7be65ee1d99d929,math,0.08241675049066544
requested_s63,gsm_f17421d70fa50272,math,0.0461261048913002
requested_s63,gsm_ee4f12ab0528f1ac,math,0.046708591282367706
requested_s63,gsm_08f358371771e634,math,0.08163473010063171
requested_s63,gsm_3b27306d470e78c2,math,0.07112287729978561
requested_s63,gsm_f5b78d5c80a69f79,math,0.05249181389808655
requested_s63,gsm_5eb4603c69e46f40,math,0.0426020510494709
requested_s63,gsm_27981502e3654775,math,0.05697324499487877
requested_s63,gsm_92deb4d5b2108972,math,0.0674353539943695
requested_s63,gsm_7cd2e87d30d3e3d8,math,0.0550418384373188
requested_s63,gsm_f5f0934560d424fc,math,0.042614683508872986
requested_s63,gsm_14f18adde06b86db,math,0.08064746111631393
requested_s63,gsm_5fa53ffdec5c079d,math,0.08082377165555954
requested_s63,gsm_d56a1f53ee1f09d7,math,0.05484912544488907
requested_s63,gsm_67bcb24bdafdbdcb,math,0.04808603599667549
requested_s63,gsm_112b77693ec7b322,math,0.07354585081338882
requested_s63,gsm_25220bd74addeae5,math,0.05692053958773613
requested_s63,gsm_271359665273f05c,math,0.09890729188919067
requested_s63,gsm_3f65a3eb08873b5f,math,0.058556634932756424
requested_s63,gsm_bd77171ff4ed21c8,math,0.10243657976388931
requested_s63,gsm_1e6aa97157303da4,math,0.04437943920493126
requested_s63,gsm_a161e89e18303ebf,math,0.057875700294971466
requested_s63,gsm_9d497f81c6a58b35,math,0.043313782662153244
requested_s63,gsm_83e271dd0d25f360,math,0.03245280310511589
requested_s63,gsm_aace71f25886e6f6,math,0.053996097296476364
requested_s63,gsm_b3ee7c4ec73b99cb,math,0.058506112545728683
requested_s63,gsm_f5df0bf38204f5ad,math,0.08115546405315399
requested_s63,gsm_e4434bd35741fe39,math,0.06750664860010147
requested_s63,gsm_245333daa59e966a,math,0.057736385613679886
requested_s63,gsm_73f9579c4c824ec5,math,0.06155376508831978
requested_s63,gsm_b2443f263d2ddc30,math,0.0448206290602684
requested_s63,gsm_7ad37e7164a0a9da,math,0.06133881211280823
requested_s63,gsm_ed4cb4418932050a,math,0.04067615419626236
requested_s63,gsm_d30182578983680d,math,0.07058518379926682
requested_s63,gsm_4e9457649eaf6717,math,0.08783413469791412
requested_s63,gsm_f83638c747ef3479,math,0.04937633126974106
requested_s63,gsm_bc3aee8003dabf5b,math,0.052116941660642624
requested_s63,gsm_d78dd7418e60f804,math,0.051834095269441605
requested_s63,gsm_41a73a281cb285b4,math,0.05689556524157524
requested_s63,gsm_74b121cb68fbe399,math,0.047298330813646317
requested_s63,gsm_c88fb84bddd704d1,math,0.06560324132442474
requested_s63,gsm_3dc26cdf3d4c97ff,math,0.03238803893327713
requested_s63,gsm_7d6021f258c2bbe6,math,0.04027971252799034
requested_s63,gsm_ece3f99f16dc7059,math,0.06689509004354477
requested_s63,gsm_8a24bb682165f09b,math,0.04957091435790062
requested_s63,gsm_5b411e93c3d5101f,math,0.04742326959967613
requested_s63,gsm_5106cb114e87a477,math,0.07938019186258316
requested_s63,gsm_341ae29c61f99ba6,math,0.05540229752659798
requested_s63,gsm_91dd72c4f487819f,math,0.0388110987842083
requested_s63,gsm_89b197d566eeb88a,math,0.05187108740210533
requested_s63,gsm_c9804cd07e4b61b5,math,0.05764871835708618
requested_s63,gsm_3365430d729929ed,math,0.03766747564077377
requested_s63,gsm_2f0ab7e9cc672149,math,0.05418103560805321
requested_s63,gsm_5b05ef609031715a,math,0.06413405388593674
requested_s63,gsm_d2b6947d68b60611,math,0.042302120476961136
requested_s63,gsm_9e42ca71cf51f9d5,math,0.06652607023715973
requested_s63,gsm_0953c93b27a19f34,math,0.06074342876672745
requested_s63,gsm_74071327f93ef085,math,0.061840083450078964
requested_s63,gsm_3fadc21d156f7fa9,math,0.06312581151723862
requested_s63,gsm_6e21b7eb0ef92ab0,math,0.09616664797067642
requested_s63,gsm_2eef2844e294fdeb,math,0.05571190267801285
requested_s63,gsm_2b24fe3f2a6c1462,math,0.05843322351574898
requested_s63,gsm_d26b73b0a0ea97fe,math,0.061586976051330566
requested_s63,gsm_67b090934081c84c,math,0.10157565027475357
requested_s63,gsm_d9fedc485c6d329e,math,0.05458167940378189
requested_s63,gsm_404fe544d4a9a6d8,math,0.06043967604637146
requested_s63,gsm_a320010faee9c656,math,0.05801062658429146
requested_s63,gsm_05d7e11565627135,math,0.05508691817522049
requested_s63,gsm_3c8c7394137efdbd,math,0.05620826035737991
requested_s63,gsm_a7c83a5b26298683,math,0.04693843796849251
requested_s63,gsm_1ff6f7cb8864ac3d,math,0.057169295847415924
requested_s63,gsm_8850b00234635a9d,math,0.059898704290390015
requested_s63,gsm_8e58d3c44aa7ff33,math,0.057581473141908646
requested_s63,gsm_30cfe7712e410f1d,math,0.06622935831546783
requested_s63,gsm_a39cde53917afe3f,math,0.03443761169910431
requested_s63,gsm_65f63602e5bcc36b,math,0.06846041977405548
requested_s63,gsm_70fd027ff7397b46,math,0.051670026034116745
requested_s63,gsm_e91536db505dc19d,math,0.03228224441409111
requested_s63,gsm_23b001e6d1f43b7a,math,0.05317980796098709
requested_s63,gsm_510a1b892ed516a9,math,0.045449789613485336
requested_s63,gsm_3e57d82f27c24cef,math,0.038871608674526215
requested_s63,gsm_b259733db478725a,math,0.060430776327848434
requested_s63,gsm_72420d41411ac74e,math,0.09852218627929688
requested_s63,gsm_45b68e9a4a4b6f09,math,0.05234012007713318
requested_s63,gsm_40ba62d840c8a4cd,math,0.08603823184967041
requested_s63,gsm_4bd9127a877e963a,math,0.08784379065036774
requested_s63,gsm_b788a146e13c2d3b,math,0.04544061794877052
requested_s63,gsm_53e9cf041f54bf9c,math,0.09649747610092163
requested_s63,gsm_701f3494e255e8d7,math,0.05573403462767601
requested_s63,gsm_8535ae0540a763f9,math,0.042466241866350174
requested_s63,gsm_d6a962e555a3b2d8,math,0.05377164110541344
requested_s63,gsm_c769ffcd998cdf4b,math,0.055518753826618195
requested_s63,gsm_1d711c0edab6cdf9,math,0.06443969160318375
requested_s63,gsm_7089a27d5be9d735,math,0.040544431656599045
requested_s63,gsm_8282c947ebdb72c4,math,0.07131180912256241
requested_s63,gsm_4d58e157821739ee,math,0.058568425476551056
requested_s63,gsm_01895a7a6826a915,math,0.04193435236811638
requested_s63,gsm_4023e12520086b85,math,0.07372166961431503
requested_s63,gsm_9399899bcaabc8ed,math,0.038765791803598404
requested_s63,gsm_0feeb37eda9ea126,math,0.04949995130300522
requested_s63,gsm_f7161d26efd1d114,math,0.06399769335985184
requested_s63,gsm_c8eda87800e3e5ac,math,0.06479790061712265
requested_s63,gsm_6fd1be8949c1f6a2,math,0.07094213366508484
requested_s63,gsm_3eca6b76b1f1ad8a,math,0.049052681773900986
requested_s63,gsm_dc1958a43149115d,math,0.049311842769384384
requested_s63,gsm_e50f6822067b1757,math,0.04819781333208084
requested_s63,gsm_d91feeaec617d234,math,0.08409084379673004
requested_s63,gsm_eb4fafd06c693daa,math,0.055563151836395264
requested_s63,gsm_a43343572469f619,math,0.07005306333303452
requested_s63,gsm_d72f60c8ce1eca73,math,0.06194116547703743
requested_s63,gsm_6d19b90aa3615625,math,0.042354434728622437
requested_s63,gsm_3e64ac9bd7eee07f,math,0.07941427081823349
requested_s63,gsm_a3c3be84f9b93551,math,0.06348347663879395
requested_s63,gsm_a532ec5b80cebf47,math,0.055297624319791794
requested_s63,gsm_fc616873dce69386,math,0.052041273564100266
requested_s63,gsm_ddc532da449ad062,math,0.07776951044797897
requested_s63,gsm_d2909e3c70589dfc,math,0.051927704364061356
requested_s63,gsm_b11f569a3f129339,math,0.05558067187666893
requested_s63,gsm_537a8f3b08c5806a,math,0.06767391413450241
requested_s63,gsm_eb0c6dc7e6a52ee1,math,0.055234503000974655
requested_s63,gsm_58a2c89d3870d4f0,math,0.05156751349568367
requested_s63,gsm_5a2811bffcd84918,math,0.04843099042773247
requested_s63,gsm_cd25c907e3d1230d,math,0.04663599655032158
requested_s63,gsm_969ac66c0d3cb729,math,0.08043338358402252
requested_s63,gsm_085c07c991b7f6dc,math,0.049989599734544754
requested_s63,gsm_fc7237589092f3fc,math,0.05161236599087715
requested_s63,gsm_d0dcd7f288303715,math,0.04656190052628517
requested_s63,gsm_5c2413d4439e804f,math,0.165928915143013
requested_s63,gsm_39369532603a287f,math,0.04595675691962242
requested_s63,gsm_d4a51456b7945b99,math,0.04736366122961044
requested_s63,gsm_108787ae99efce11,math,0.07232686877250671
requested_s63,gsm_dcc87971f34d3210,math,0.04012680798768997
requested_s63,gsm_5d50b87fd6fe5f3b,math,0.05100212246179581
requested_s63,gsm_e0b9d6d609fcd66c,math,0.06973456591367722
requested_s63,gsm_0953bab0d62fef54,math,0.06020200252532959
requested_s63,gsm_3b3648b5ef47ef61,math,0.07875826209783554
requested_s63,gsm_cb8099688088d7d1,math,0.04562634229660034
requested_s63,alpaca_1907,code,0.03311823308467865
requested_s63,alpaca_5350,code,0.062285687774419785
requested_s63,alpaca_5821,code,0.09203893691301346
requested_s63,alpaca_18823,code,0.04838942363858223
requested_s63,alpaca_10829,code,0.12083517760038376
requested_s63,alpaca_2198,code,0.06328953057527542
requested_s63,alpaca_4240,code,0.09012456238269806
requested_s63,alpaca_2123,code,0.04218466579914093
requested_s63,alpaca_1018,code,0.08084625750780106
requested_s63,alpaca_17933,code,0.03072981908917427
requested_s63,alpaca_7780,code,0.11459615081548691
requested_s63,alpaca_18074,code,0.03531717509031296
requested_s63,alpaca_9791,code,0.08949804306030273
requested_s63,alpaca_10429,code,0.06405752152204514
requested_s63,alpaca_7994,code,0.03197522461414337
requested_s63,alpaca_8080,code,0.04849102720618248
requested_s63,alpaca_2376,code,0.07867716252803802
requested_s63,alpaca_17356,code,0.07274661213159561
requested_s63,alpaca_11441,code,0.025996791198849678
requested_s63,alpaca_14422,code,0.10198544710874557
requested_s63,alpaca_10924,code,0.029706915840506554
requested_s63,alpaca_14341,code,0.03981794789433479
requested_s63,alpaca_8972,code,0.04997287318110466
requested_s63,alpaca_12289,code,0.05378521606326103
requested_s63,alpaca_11567,code,0.0871216431260109
requested_s63,alpaca_1737,code,0.06215557083487511
requested_s63,alpaca_15065,code,0.136124387383461
requested_s63,alpaca_19763,code,0.08129507303237915
requested_s63,alpaca_2984,code,0.0529879629611969
requested_s63,alpaca_16839,code,0.09705003350973129
requested_s63,alpaca_9316,code,0.06468522548675537
requested_s63,alpaca_18481,code,0.08441825956106186
requested_s63,alpaca_17104,code,0.08631591498851776
requested_s63,alpaca_4742,code,0.14369510114192963
requested_s63,alpaca_19792,code,0.10823007673025131
requested_s63,alpaca_16576,code,0.06733685731887817
requested_s63,alpaca_11968,code,0.10541997104883194
requested_s63,alpaca_2279,code,0.04792889580130577
requested_s63,alpaca_15267,code,0.038669537752866745
requested_s63,alpaca_18655,code,0.04905124381184578
requested_s63,alpaca_13529,code,0.04881001636385918
requested_s63,alpaca_17634,code,0.10967832803726196
requested_s63,alpaca_15154,code,0.11733609437942505
requested_s63,alpaca_16821,code,0.04333800449967384
requested_s63,alpaca_5963,code,0.029408717527985573
requested_s63,alpaca_7258,code,0.10683911293745041
requested_s63,alpaca_3247,code,0.04672159627079964
requested_s63,alpaca_5316,code,0.0547863207757473
requested_s63,alpaca_771,code,0.046015363186597824
requested_s63,alpaca_3363,code,0.05226116254925728
requested_s63,alpaca_7290,code,0.032134369015693665
requested_s63,alpaca_19436,code,0.06731924414634705
requested_s63,alpaca_15918,code,0.034246329218149185
requested_s63,alpaca_6009,code,0.11285257339477539
requested_s63,alpaca_12783,code,0.12157335132360458
requested_s63,alpaca_7546,code,0.05189567804336548
requested_s63,alpaca_17186,code,0.06108368560671806
requested_s63,alpaca_3264,code,0.1140332818031311
requested_s63,alpaca_19943,code,0.058188121765851974
requested_s63,alpaca_2552,code,0.03301239386200905
requested_s63,alpaca_17699,code,0.06468813121318817
requested_s63,alpaca_16118,code,0.0426609069108963
requested_s63,alpaca_904,code,0.033261608332395554
requested_s63,alpaca_19582,code,0.06062738969922066
requested_s63,alpaca_16569,code,0.058271992951631546
requested_s63,alpaca_3245,code,0.11608944088220596
requested_s63,alpaca_18459,code,0.08907720446586609
requested_s63,alpaca_11231,code,0.04597567766904831
requested_s63,alpaca_4719,code,0.06923428922891617
requested_s63,alpaca_13692,code,0.13948377966880798
requested_s63,alpaca_2545,code,0.0642440989613533
requested_s63,alpaca_88,code,0.08730071038007736
requested_s63,alpaca_10008,code,0.08178406208753586
requested_s63,alpaca_11715,code,0.035795051604509354
requested_s63,alpaca_286,code,0.07845472544431686
requested_s63,alpaca_17726,code,0.07261474430561066
requested_s63,alpaca_8241,code,0.06932531297206879
requested_s63,alpaca_15462,code,0.0769655704498291
requested_s63,alpaca_8351,code,0.03994608297944069
requested_s63,alpaca_9955,code,0.08024267852306366
requested_s63,alpaca_19818,code,0.07095217704772949
requested_s63,alpaca_462,code,0.08079845458269119
requested_s63,alpaca_16798,code,0.0953756794333458
requested_s63,alpaca_3049,code,0.056462958455085754
requested_s63,alpaca_19325,code,0.0551815889775753
requested_s63,alpaca_7324,code,0.054697081446647644
requested_s63,alpaca_8035,code,0.05759365111589432
requested_s63,alpaca_690,code,0.03482438623905182
requested_s63,alpaca_1597,code,0.04110606387257576
requested_s63,alpaca_1410,code,0.0572722852230072
requested_s63,alpaca_16876,code,0.043233416974544525
requested_s63,alpaca_8784,code,0.03753722831606865
requested_s63,alpaca_16439,code,0.052467890083789825
requested_s63,alpaca_15940,code,0.13892726600170135
requested_s63,alpaca_15594,code,0.06234131380915642
requested_s63,alpaca_17224,code,0.06106887012720108
requested_s63,alpaca_6324,code,0.02587476186454296
requested_s63,alpaca_7053,code,0.03788745403289795
requested_s63,alpaca_9134,code,0.0412682481110096
requested_s63,alpaca_5994,code,0.03643450886011124
requested_s63,alpaca_10915,code,0.039809759706258774
requested_s63,alpaca_9174,code,0.04616058990359306
requested_s63,alpaca_10536,code,0.0749046802520752
requested_s63,alpaca_10136,code,0.09618739783763885
requested_s63,alpaca_5842,code,0.03322598710656166
requested_s63,alpaca_10727,code,0.05032523348927498
requested_s63,alpaca_12154,code,0.04399747774004936
requested_s63,alpaca_2306,code,0.03429032862186432
requested_s63,alpaca_18933,code,0.04887165501713753
requested_s63,alpaca_13481,code,0.11827581375837326
requested_s63,alpaca_584,code,0.045653581619262695
requested_s63,alpaca_11261,code,0.08011924475431442
requested_s63,alpaca_4696,code,0.0744885727763176
requested_s63,alpaca_11901,code,0.04496045783162117
requested_s63,alpaca_5279,code,0.0438804030418396
requested_s63,alpaca_11923,code,0.05311200022697449
requested_s63,alpaca_4490,code,0.04623284563422203
requested_s63,alpaca_2783,code,0.12079840153455734
requested_s63,alpaca_6263,code,0.04241831600666046
requested_s63,alpaca_1123,code,0.042239319533109665
requested_s63,alpaca_13116,code,0.06312840431928635
requested_s63,alpaca_2453,code,0.11756868660449982
requested_s63,alpaca_18327,code,0.08774331957101822
requested_s63,alpaca_6595,code,0.03178359195590019
requested_s63,alpaca_2358,code,0.041846007108688354
requested_s63,alpaca_3568,code,0.058840930461883545
requested_s63,alpaca_1658,code,0.07725603133440018
requested_s63,alpaca_10043,code,0.04763451963663101
requested_s63,alpaca_19911,code,0.07800587266683578
requested_s63,alpaca_16423,code,0.09868692606687546
requested_s63,alpaca_1782,code,0.025992482900619507
requested_s63,alpaca_15896,code,0.04216698929667473
requested_s63,alpaca_15764,code,0.11179018020629883
requested_s63,alpaca_10621,code,0.0880976989865303
requested_s63,alpaca_5734,code,0.04844823479652405
requested_s63,alpaca_19315,code,0.1038934588432312
requested_s63,alpaca_10139,code,0.04028313234448433
requested_s63,alpaca_9606,code,0.04246455058455467
requested_s63,alpaca_1187,code,0.05788934975862503
requested_s63,alpaca_7878,code,0.03301585093140602
requested_s63,alpaca_16104,code,0.0373573936522007
requested_s63,alpaca_7525,code,0.09952658414840698
requested_s63,alpaca_1402,code,0.09477504342794418
requested_s63,alpaca_14254,code,0.09972941130399704
requested_s63,alpaca_12158,code,0.03626514971256256
requested_s63,alpaca_910,code,0.06162399798631668
requested_s63,alpaca_13477,code,0.05196814611554146
requested_s63,alpaca_9497,code,0.10601623356342316
requested_s63,alpaca_7553,code,0.03656246140599251
requested_s63,alpaca_11737,code,0.10627376288175583
requested_s63,alpaca_15064,code,0.09662212431430817
requested_s63,alpaca_17606,code,0.08027516305446625
requested_s63,alpaca_19523,code,0.02769671566784382
requested_s63,alpaca_5715,code,0.044015612453222275
requested_s63,alpaca_18071,code,0.05689162015914917
requested_s63,alpaca_7948,code,0.061049893498420715
requested_s63,alpaca_9186,code,0.028183454647660255
requested_s63,alpaca_12285,code,0.03699541836977005
requested_s63,alpaca_16119,code,0.04308771714568138
requested_s63,alpaca_13161,code,0.029974335804581642
requested_s63,alpaca_11244,code,0.03902081027626991
requested_s63,alpaca_3029,code,0.07846937328577042
requested_s63,alpaca_9051,code,0.09854334592819214
requested_s63,alpaca_12160,code,0.03479156270623207
requested_s63,alpaca_15307,code,0.0725686177611351
requested_s63,alpaca_7754,code,0.06545645743608475
requested_s63,alpaca_7045,code,0.041185904294252396
requested_s63,alpaca_8688,code,0.08757229149341583
requested_s63,alpaca_14375,code,0.03628235682845116
requested_s63,alpaca_7246,code,0.03209022805094719
requested_s63,alpaca_8974,code,0.04051794484257698
requested_s63,alpaca_5664,code,0.10313476622104645
requested_s63,alpaca_5427,code,0.03644473850727081
requested_s63,alpaca_11721,code,0.060040183365345
requested_s63,alpaca_9934,code,0.030377531424164772
requested_s63,alpaca_6935,code,0.02847163937985897
requested_s63,alpaca_16965,code,0.1063048243522644
requested_s63,alpaca_18827,code,0.16690318286418915
requested_s63,alpaca_438,code,0.026668919250369072
requested_s63,alpaca_9299,code,0.035416848957538605
requested_s63,alpaca_19317,code,0.10884179919958115
requested_s63,alpaca_19376,code,0.07968699932098389
requested_s63,alpaca_5666,code,0.03970087319612503
requested_s63,alpaca_9054,code,0.03610667213797569
requested_s63,alpaca_19335,code,0.09352218359708786
requested_s63,alpaca_16990,code,0.11225151270627975
requested_s63,alpaca_8163,code,0.05438080057501793
requested_s63,alpaca_991,code,0.02607491798698902
requested_s63,alpaca_15676,code,0.07944601029157639
requested_s63,alpaca_1893,code,0.06834901869297028
requested_s63,alpaca_10000,code,0.041433222591876984
requested_s63,alpaca_8157,code,0.07898958772420883
requested_s63,alpaca_1692,code,0.08711715787649155
requested_s63,alpaca_14609,code,0.09074001014232635
requested_s63,alpaca_12656,code,0.05196526274085045
requested_s63,alpaca_17895,code,0.07569239288568497
requested_s63,alpaca_2005,code,0.06100984290242195
requested_s63,alpaca_17892,code,0.07088232785463333
requested_s63,alpaca_4465,code,0.1370498389005661
requested_s63,alpaca_5552,code,0.048798415809869766
requested_s63,alpaca_11748,code,0.04309894144535065
requested_s63,alpaca_13679,code,0.09235750138759613
requested_s63,alpaca_15496,code,0.12646739184856415
requested_s63,alpaca_9601,code,0.14436233043670654
requested_s63,alpaca_14860,code,0.05477993190288544
requested_s63,alpaca_7399,code,0.08509299159049988
requested_s63,alpaca_4682,code,0.044728878885507584
requested_s63,alpaca_10889,code,0.03880328685045242
requested_s63,alpaca_3629,code,0.028879214078187943
requested_s63,alpaca_10984,code,0.0794169083237648
requested_s63,alpaca_18025,code,0.07506398856639862
requested_s63,alpaca_10886,code,0.12520098686218262
requested_s63,alpaca_10771,code,0.01968262903392315
requested_s63,alpaca_9781,code,0.12993542850017548
requested_s63,alpaca_1011,code,0.050778817385435104
requested_s63,alpaca_17139,code,0.05597124248743057
requested_s63,alpaca_17066,code,0.04071272537112236
requested_s63,alpaca_2530,code,0.08042758703231812
requested_s63,alpaca_158,code,0.06875811517238617
requested_s63,alpaca_422,code,0.023625735193490982
requested_s63,alpaca_103,code,0.07067078351974487
requested_s63,alpaca_1891,code,0.038788940757513046
requested_s63,alpaca_17797,code,0.07378428429365158
requested_s63,alpaca_7657,code,0.10865717381238937
requested_s63,alpaca_14675,code,0.08325227349996567
requested_s63,control_346,control,0.18165256083011627
requested_s63,control_316,control,0.17884309589862823
requested_s63,control_376,control,0.13216842710971832
requested_s63,control_396,control,0.17477726936340332
requested_s63,control_16,control,0.18165256083011627
requested_s63,control_246,control,0.18100394308567047
requested_s63,control_96,control,0.18165256083011627
requested_s63,control_496,control,0.12966664135456085
requested_s63,control_276,control,0.17884309589862823
requested_s63,control_146,control,0.13216842710971832
requested_s63,control_186,control,0.16470953822135925
requested_s63,control_76,control,0.16470953822135925
requested_s63,control_466,control,0.17688396573066711
requested_s63,control_426,control,0.17477726936340332
requested_s63,control_206,control,0.17688396573066711
requested_s63,control_56,control,0.17884309589862823
requested_s63,control_456,control,0.17884309589862823
requested_s63,control_386,control,0.18386757373809814
requested_s63,control_176,control,0.18165256083011627
requested_s63,control_126,control,0.18100394308567047
requested_s63,control_416,control,0.17916133999824524
requested_s63,control_476,control,0.16470953822135925
requested_s63,control_356,control,0.17688396573066711
requested_s63,control_326,control,0.16470953822135925
requested_s63,control_256,control,0.18386757373809814
requested_s63,control_196,control,0.18100394308567047
requested_s63,control_366,control,0.13216842710971832
requested_s63,control_6,control,0.13216842710971832
requested_s63,control_486,control,0.17477726936340332
requested_s63,control_336,control,0.17884309589862823
requested_s63,control_36,control,0.17688396573066711
requested_s63,control_436,control,0.17916133999824524
requested_s63,control_116,control,0.17477726936340332
requested_s63,control_66,control,0.17477726936340332
requested_s63,control_86,control,0.17477726936340332
requested_s63,control_216,control,0.18386757373809814
requested_s63,control_26,control,0.18386757373809814
requested_s63,control_286,control,0.17916133999824524
requested_s63,control_136,control,0.16470953822135925
requested_s63,control_296,control,0.18165256083011627
requested_s63,control_266,control,0.17688396573066711
requested_s63,control_166,control,0.17916133999824524
requested_s63,control_306,control,0.17884309589862823
requested_s63,control_446,control,0.17916133999824524
requested_s63,control_46,control,0.12966664135456085
requested_s63,control_236,control,0.16470953822135925
requested_s63,control_226,control,0.17477726936340332
requested_s63,control_406,control,0.16470953822135925
requested_s63,control_106,control,0.18386757373809814
requested_s63,control_156,control,0.12966664135456085
